Year,Month,Day,Station
2023,01,01,"['FOP1', 'KABR', 'KABX', 'KAKQ', 'KAMA', 'KAMX', 'KAPX', 'KARX', 'KATX', 'KBBX', 'KBGM', 'KBHX', 'KBIS', 'KBLX', 'KBMX', 'KBOX', 'KBRO', 'KBUF', 'KBYX', 'KCAE', 'KCBW', 'KCBX', 'KCCX', 'KCLE', 'KCLX', 'KCRP', 'KCXX', 'KCYS', 'KDAX', 'KDDC', 'KDFX', 'KDGX', 'KDIX', 'KDLH', 'KDMX', 'KDOX', 'KDTX', 'KDVN', 'KDYX', 'KEAX', 'KEMX', 'KENX', 'KEOX', 'KEPZ', 'KESX', 'KEVX', 'KEWX', 'KEYX', 'KFCX', 'KFDR', 'KFDX', 'KFFC', 'KFSD', 'KFSX', 'KFTG', 'KFWS', 'KGGW', 'KGJX', 'KGLD', 'KGRB', 'KGRK', 'KGRR', 'KGWX', 'KGYX', 'KHDX', 'KHGX', 'KHNX', 'KHTX', 'KICT', 'KICX', 'KILN', 'KILX', 'KIND', 'KINX', 'KIWA', 'KIWX', 'KJAX', 'KJGX', 'KJKL', 'KLBB', 'KLCH', 'KLGX', 'KLIX', 'KLNX', 'KLOT', 'KLRX', 'KLSX', 'KLTX', 'KLVX', 'KLWX', 'KLZK', 'KMAF', 'KMAX', 'KMBX', 'KMHX', 'KMKX', 'KMLB', 'KMOB', 'KMPX', 'KMQT', 'KMRX', 'KMSX', 'KMTX', 'KMUX', 'KMVX', 'KMXX', 'KNKX', 'KNQA', 'KOAX', 'KOHX', 'KOKX', 'KOTX', 'KPAH', 'KPBZ', 'KPDT', 'KPOE', 'KPUX', 'KRAX', 'KRGX', 'KRIW', 'KRLX', 'KRTX', 'KSFX', 'KSGF', 'KSHV', 'KSJT', 'KSOX', 'KSRX', 'KTBW', 'KTFX', 'KTLH', 'KTLX', 'KTWX', 'KTYX', 'KUDX', 'KUEX', 'KVAX', 'KVBX', 'KVNX', 'KVTX', 'KVWX', 'KYUX', 'PACG', 'PAEC', 'PAHG', 'PAKC', 'PAPD', 'PGUA', 'PHKI', 'PHKM', 'PHMO', 'PHWA', 'RKJK', 'RODN', 'TADW', 'TATL', 'TBNA', 'TBOS', 'TBWI', 'TCLT', 'TCMH', 'TCVG', 'TDAL', 'TDAY', 'TDCA', 'TDEN', 'TDTW', 'TEWR', 'TFLL', 'THOU', 'TIAD', 'TIAH', 'TICH', 'TIDS', 'TJFK', 'TJUA', 'TLAS', 'TLVE', 'TMCI', 'TMCO', 'TMDW', 'TMEM', 'TMIA', 'TMKE', 'TMSP', 'TMSY', 'TOKC', 'TORD', 'TPHL', 'TPHX', 'TPIT', 'TRDU', 'TSDF', 'TSJU', 'TSLC', 'TSTL', 'TTPA', 'TTUL']"
2023,01,02,"['FOP1', 'KABR', 'KABX', 'KAKQ', 'KAMA', 'KAMX', 'KAPX', 'KARX', 'KATX', 'KBBX', 'KBGM', 'KBHX', 'KBIS', 'KBLX', 'KBMX', 'KBOX', 'KBRO', 'KBUF', 'KBYX', 'KCAE', 'KCBW', 'KCBX', 'KCCX', 'KCLE', 'KCLX', 'KCRP', 'KCXX', 'KCYS', 'KDAX', 'KDDC', 'KDFX', 'KDGX', 'KDIX', 'KDLH', 'KDMX', 'KDOX', 'KDTX', 'KDVN', 'KDYX', 'KEAX', 'KEMX', 'KENX', 'KEOX', 'KEPZ', 'KESX', 'KEVX', 'KEWX', 'KEYX', 'KFCX', 'KFDR', 'KFDX', 'KFFC', 'KFSD', 'KFSX', 'KFTG', 'KFWS', 'KGGW', 'KGJX', 'KGLD', 'KGRK', 'KGRR', 'KGWX', 'KGYX', 'KHDX', 'KHGX', 'KHNX', 'KHTX', 'KICT', 'KICX', 'KILN', 'KILX', 'KIND', 'KINX', 'KIWA', 'KIWX', 'KJAX', 'KJGX', 'KJKL', 'KLBB', 'KLCH', 'KLGX', 'KLIX', 'KLNX', 'KLOT', 'KLRX', 'KLSX', 'KLTX', 'KLVX', 'KLWX', 'KLZK', 'KMAF', 'KMAX', 'KMBX', 'KMHX', 'KMKX', 'KMLB', 'KMOB', 'KMPX', 'KMQT', 'KMRX', 'KMSX', 'KMTX', 'KMUX', 'KMVX', 'KMXX', 'KNKX', 'KNQA', 'KOAX', 'KOHX', 'KOKX', 'KOTX', 'KPAH', 'KPBZ', 'KPDT', 'KPOE', 'KPUX', 'KRAX', 'KRGX', 'KRIW', 'KRLX', 'KRTX', 'KSFX', 'KSGF', 'KSHV', 'KSJT', 'KSOX', 'KSRX', 'KTBW', 'KTFX', 'KTLH', 'KTLX', 'KTWX', 'KTYX', 'KUDX', 'KUEX', 'KVAX', 'KVBX', 'KVNX', 'KVTX', 'KVWX', 'KYUX', 'PACG', 'PAEC', 'PAHG', 'PAKC', 'PAPD', 'PGUA', 'PHKI', 'PHKM', 'PHMO', 'PHWA', 'RKJK', 'RODN', 'TADW', 'TATL', 'TBNA', 'TBOS', 'TBWI', 'TCLT', 'TCVG', 'TDAL', 'TDAY', 'TDCA', 'TDEN', 'TDTW', 'TEWR', 'TFLL', 'THOU', 'TIAD', 'TIAH', 'TICH', 'TIDS', 'TJFK', 'TJUA', 'TLAS', 'TLVE', 'TMCI', 'TMCO', 'TMDW', 'TMEM', 'TMIA', 'TMKE', 'TMSP', 'TOKC', 'TORD', 'TPHL', 'TPHX', 'TPIT', 'TRDU', 'TSDF', 'TSJU', 'TSLC', 'TSTL', 'TTPA', 'TTUL']"
2023,01,03,"['FOP1', 'KABR', 'KABX', 'KAKQ', 'KAMA', 'KAMX', 'KAPX', 'KARX', 'KATX', 'KBBX', 'KBGM', 'KBHX', 'KBIS', 'KBLX', 'KBMX', 'KBOX', 'KBRO', 'KBUF', 'KBYX', 'KCAE', 'KCBW', 'KCBX', 'KCCX', 'KCLE', 'KCLX', 'KCRP', 'KCXX', 'KCYS', 'KDAX', 'KDDC', 'KDFX', 'KDGX', 'KDIX', 'KDLH', 'KDMX', 'KDOX', 'KDTX', 'KDVN', 'KDYX', 'KEAX', 'KEMX', 'KENX', 'KEOX', 'KEPZ', 'KESX', 'KEVX', 'KEWX', 'KEYX', 'KFCX', 'KFDR', 'KFDX', 'KFFC', 'KFSD', 'KFSX', 'KFTG', 'KFWS', 'KGGW', 'KGJX', 'KGLD', 'KGRB', 'KGRK', 'KGRR', 'KGWX', 'KGYX', 'KHDX', 'KHGX', 'KHNX', 'KHTX', 'KICT', 'KICX', 'KILN', 'KILX', 'KIND', 'KINX', 'KIWA', 'KIWX', 'KJAX', 'KJGX', 'KJKL', 'KLBB', 'KLCH', 'KLGX', 'KLIX', 'KLNX', 'KLOT', 'KLRX', 'KLSX', 'KLTX', 'KLVX', 'KLWX', 'KLZK', 'KMAF', 'KMAX', 'KMBX', 'KMHX', 'KMKX', 'KMLB', 'KMOB', 'KMPX', 'KMQT', 'KMRX', 'KMSX', 'KMTX', 'KMUX', 'KMVX', 'KMXX', 'KNKX', 'KNQA', 'KOAX', 'KOHX', 'KOKX', 'KOTX', 'KPAH', 'KPBZ', 'KPDT', 'KPOE', 'KPUX', 'KRAX', 'KRGX', 'KRIW', 'KRLX', 'KRTX', 'KSFX', 'KSGF', 'KSHV', 'KSJT', 'KSOX', 'KSRX', 'KTBW', 'KTFX', 'KTLH', 'KTLX', 'KTWX', 'KTYX', 'KUDX', 'KUEX', 'KVAX', 'KVBX', 'KVNX', 'KVTX', 'KVWX', 'KYUX', 'PACG', 'PAEC', 'PAHG', 'PAKC', 'PAPD', 'PGUA', 'PHKI', 'PHKM', 'PHMO', 'PHWA', 'RKJK', 'RODN', 'TADW', 'TATL', 'TBNA', 'TBOS', 'TBWI', 'TCLT', 'TCMH', 'TCVG', 'TDAL', 'TDAY', 'TDCA', 'TDEN', 'TDFW', 'TDTW', 'TEWR', 'TFLL', 'THOU', 'TIAD', 'TIAH', 'TICH', 'TIDS', 'TJFK', 'TJUA', 'TLAS', 'TLVE', 'TMCI', 'TMCO', 'TMDW', 'TMEM', 'TMIA', 'TMKE', 'TMSP', 'TOKC', 'TORD', 'TPBI', 'TPHL', 'TPHX', 'TPIT', 'TRDU', 'TSDF', 'TSJU', 'TSLC', 'TSTL', 'TTPA', 'TTUL']"
2023,01,04,"['FOP1', 'KABR', 'KABX', 'KAKQ', 'KAMA', 'KAMX', 'KAPX', 'KARX', 'KATX', 'KBBX', 'KBGM', 'KBHX', 'KBIS', 'KBLX', 'KBMX', 'KBOX', 'KBRO', 'KBUF', 'KBYX', 'KCAE', 'KCBW', 'KCBX', 'KCCX', 'KCLE', 'KCLX', 'KCRP', 'KCXX', 'KCYS', 'KDAX', 'KDDC', 'KDFX', 'KDGX', 'KDIX', 'KDLH', 'KDMX', 'KDOX', 'KDTX', 'KDVN', 'KDYX', 'KEAX', 'KEMX', 'KENX', 'KEOX', 'KEPZ', 'KESX', 'KEVX', 'KEWX', 'KEYX', 'KFCX', 'KFDR', 'KFDX', 'KFFC', 'KFSD', 'KFSX', 'KFTG', 'KFWS', 'KGGW', 'KGJX', 'KGLD', 'KGRB', 'KGRK', 'KGRR', 'KGWX', 'KGYX', 'KHDX', 'KHGX', 'KHNX', 'KHTX', 'KICT', 'KICX', 'KILN', 'KILX', 'KIND', 'KINX', 'KIWA', 'KIWX', 'KJAX', 'KJGX', 'KJKL', 'KLBB', 'KLCH', 'KLGX', 'KLIX', 'KLNX', 'KLOT', 'KLRX', 'KLSX', 'KLVX', 'KLWX', 'KLZK', 'KMAF', 'KMAX', 'KMBX', 'KMHX', 'KMKX', 'KMLB', 'KMOB', 'KMPX', 'KMQT', 'KMRX', 'KMSX', 'KMTX', 'KMUX', 'KMVX', 'KMXX', 'KNKX', 'KNQA', 'KOAX', 'KOHX', 'KOKX', 'KOTX', 'KPAH', 'KPBZ', 'KPDT', 'KPOE', 'KPUX', 'KRAX', 'KRGX', 'KRIW', 'KRLX', 'KRTX', 'KSFX', 'KSGF', 'KSHV', 'KSJT', 'KSOX', 'KSRX', 'KTBW', 'KTFX', 'KTLH', 'KTLX', 'KTWX', 'KTYX', 'KUDX', 'KUEX', 'KVAX', 'KVBX', 'KVNX', 'KVTX', 'KVWX', 'KYUX', 'PACG', 'PAEC', 'PAHG', 'PAKC', 'PAPD', 'PGUA', 'PHKI', 'PHKM', 'PHMO', 'PHWA', 'RKJK', 'RODN', 'TADW', 'TATL', 'TBNA', 'TBOS', 'TBWI', 'TCLT', 'TCMH', 'TCVG', 'TDAL', 'TDAY', 'TDCA', 'TDEN', 'TDFW', 'TDTW', 'TEWR', 'TFLL', 'THOU', 'TIAD', 'TIAH', 'TICH', 'TIDS', 'TJFK', 'TJUA', 'TLAS', 'TLVE', 'TMCI', 'TMCO', 'TMDW', 'TMEM', 'TMIA', 'TMKE', 'TMSP', 'TMSY', 'TOKC', 'TORD', 'TPBI', 'TPHL', 'TPHX', 'TPIT', 'TRDU', 'TSDF', 'TSJU', 'TSLC', 'TSTL', 'TTPA', 'TTUL']"
2023,01,05,"['FOP1', 'KABR', 'KABX', 'KAKQ', 'KAMA', 'KAMX', 'KAPX', 'KARX', 'KATX', 'KBBX', 'KBGM', 'KBHX', 'KBIS', 'KBLX', 'KBMX', 'KBOX', 'KBRO', 'KBUF', 'KBYX', 'KCAE', 'KCBW', 'KCBX', 'KCCX', 'KCLE', 'KCLX', 'KCRP', 'KCXX', 'KCYS', 'KDAX', 'KDDC', 'KDFX', 'KDGX', 'KDIX', 'KDLH', 'KDMX', 'KDOX', 'KDTX', 'KDVN', 'KDYX', 'KEAX', 'KEMX', 'KENX', 'KEOX', 'KEPZ', 'KESX', 'KEVX', 'KEWX', 'KEYX', 'KFCX', 'KFDR', 'KFDX', 'KFFC', 'KFSD', 'KFSX', 'KFTG', 'KFWS', 'KGGW', 'KGJX', 'KGLD', 'KGRB', 'KGRK', 'KGRR', 'KGWX', 'KGYX', 'KHDX', 'KHGX', 'KHNX', 'KHTX', 'KICT', 'KICX', 'KILN', 'KILX', 'KIND', 'KINX', 'KIWA', 'KIWX', 'KJAX', 'KJGX', 'KJKL', 'KLBB', 'KLCH', 'KLGX', 'KLNX', 'KLOT', 'KLRX', 'KLSX', 'KLVX', 'KLWX', 'KLZK', 'KMAF', 'KMAX', 'KMBX', 'KMHX', 'KMKX', 'KMLB', 'KMOB', 'KMPX', 'KMQT', 'KMRX', 'KMSX', 'KMTX', 'KMUX', 'KMVX', 'KMXX', 'KNKX', 'KNQA', 'KOAX', 'KOHX', 'KOKX', 'KOTX', 'KPAH', 'KPBZ', 'KPDT', 'KPOE', 'KPUX', 'KRAX', 'KRGX', 'KRIW', 'KRLX', 'KRTX', 'KSFX', 'KSGF', 'KSHV', 'KSJT', 'KSOX', 'KSRX', 'KTBW', 'KTFX', 'KTLH', 'KTLX', 'KTWX', 'KTYX', 'KUDX', 'KUEX', 'KVAX', 'KVBX', 'KVNX', 'KVTX', 'KVWX', 'KYUX', 'PACG', 'PAEC', 'PAHG', 'PAKC', 'PAPD', 'PGUA', 'PHKI', 'PHKM', 'PHMO', 'PHWA', 'RKJK', 'RODN', 'TADW', 'TATL', 'TBNA', 'TBOS', 'TBWI', 'TCLT', 'TCMH', 'TCVG', 'TDAL', 'TDAY', 'TDCA', 'TDEN', 'TDFW', 'TDTW', 'TEWR', 'TFLL', 'THOU', 'TIAD', 'TIAH', 'TICH', 'TIDS', 'TJFK', 'TJUA', 'TLAS', 'TLVE', 'TMCI', 'TMCO', 'TMDW', 'TMEM', 'TMIA', 'TMKE', 'TMSP', 'TMSY', 'TOKC', 'TORD', 'TPBI', 'TPHL', 'TPHX', 'TPIT', 'TRDU', 'TSDF', 'TSJU', 'TSLC', 'TSTL', 'TTPA', 'TTUL']"
2023,01,06,"['FOP1', 'KABR', 'KABX', 'KAKQ', 'KAMA', 'KAMX', 'KAPX', 'KARX', 'KATX', 'KBBX', 'KBGM', 'KBHX', 'KBIS', 'KBLX', 'KBMX', 'KBOX', 'KBRO', 'KBUF', 'KBYX', 'KCAE', 'KCBW', 'KCBX', 'KCCX', 'KCLE', 'KCLX', 'KCRP', 'KCXX', 'KCYS', 'KDAX', 'KDDC', 'KDFX', 'KDGX', 'KDIX', 'KDLH', 'KDMX', 'KDOX', 'KDTX', 'KDVN', 'KDYX', 'KEAX', 'KEMX', 'KENX', 'KEOX', 'KEPZ', 'KESX', 'KEVX', 'KEWX', 'KEYX', 'KFCX', 'KFDR', 'KFDX', 'KFFC', 'KFSD', 'KFSX', 'KFTG', 'KFWS', 'KGGW', 'KGJX', 'KGLD', 'KGRB', 'KGRK', 'KGRR', 'KGWX', 'KGYX', 'KHDX', 'KHGX', 'KHNX', 'KHTX', 'KICT', 'KICX', 'KILN', 'KILX', 'KIND', 'KINX', 'KIWA', 'KIWX', 'KJAX', 'KJGX', 'KJKL', 'KLBB', 'KLCH', 'KLGX', 'KLNX', 'KLOT', 'KLRX', 'KLSX', 'KLVX', 'KLWX', 'KLZK', 'KMAF', 'KMAX', 'KMBX', 'KMHX', 'KMKX', 'KMLB', 'KMOB', 'KMPX', 'KMQT', 'KMRX', 'KMSX', 'KMTX', 'KMUX', 'KMVX', 'KMXX', 'KNKX', 'KNQA', 'KOAX', 'KOHX', 'KOKX', 'KOTX', 'KPAH', 'KPBZ', 'KPDT', 'KPOE', 'KPUX', 'KRAX', 'KRGX', 'KRIW', 'KRLX', 'KRTX', 'KSFX', 'KSGF', 'KSHV', 'KSJT', 'KSOX', 'KSRX', 'KTBW', 'KTFX', 'KTLH', 'KTLX', 'KTWX', 'KTYX', 'KUDX', 'KUEX', 'KVAX', 'KVBX', 'KVNX', 'KVTX', 'KVWX', 'KYUX', 'PACG', 'PAEC', 'PAHG', 'PAIH', 'PAKC', 'PAPD', 'PGUA', 'PHKI', 'PHKM', 'PHMO', 'PHWA', 'RKJK', 'RODN', 'TADW', 'TATL', 'TBNA', 'TBOS', 'TBWI', 'TCLT', 'TCMH', 'TCVG', 'TDAL', 'TDAY', 'TDCA', 'TDEN', 'TDFW', 'TDTW', 'TEWR', 'TFLL', 'THOU', 'TIAD', 'TIAH', 'TICH', 'TIDS', 'TJFK', 'TJUA', 'TLAS', 'TLVE', 'TMCI', 'TMCO', 'TMDW', 'TMEM', 'TMIA', 'TMKE', 'TMSP', 'TMSY', 'TOKC', 'TORD', 'TPBI', 'TPHL', 'TPHX', 'TPIT', 'TRDU', 'TSDF', 'TSJU', 'TSLC', 'TSTL', 'TTPA', 'TTUL']"
2023,01,07,"['FOP1', 'KABR', 'KABX', 'KAKQ', 'KAMA', 'KAMX', 'KAPX', 'KARX', 'KATX', 'KBBX', 'KBGM', 'KBHX', 'KBIS', 'KBLX', 'KBMX', 'KBOX', 'KBRO', 'KBUF', 'KBYX', 'KCAE', 'KCBW', 'KCBX', 'KCCX', 'KCLE', 'KCLX', 'KCRP', 'KCXX', 'KCYS', 'KDAX', 'KDDC', 'KDFX', 'KDGX', 'KDIX', 'KDLH', 'KDMX', 'KDOX', 'KDTX', 'KDVN', 'KDYX', 'KEAX', 'KEMX', 'KENX', 'KEOX', 'KEPZ', 'KESX', 'KEVX', 'KEWX', 'KEYX', 'KFCX', 'KFDR', 'KFDX', 'KFFC', 'KFSD', 'KFSX', 'KFTG', 'KFWS', 'KGGW', 'KGJX', 'KGLD', 'KGRB', 'KGRK', 'KGRR', 'KGWX', 'KGYX', 'KHDX', 'KHGX', 'KHNX', 'KHTX', 'KICT', 'KICX', 'KILN', 'KILX', 'KIND', 'KINX', 'KIWA', 'KIWX', 'KJAX', 'KJGX', 'KJKL', 'KLBB', 'KLCH', 'KLGX', 'KLNX', 'KLOT', 'KLRX', 'KLSX', 'KLVX', 'KLWX', 'KLZK', 'KMAF', 'KMAX', 'KMBX', 'KMHX', 'KMKX', 'KMLB', 'KMOB', 'KMPX', 'KMQT', 'KMRX', 'KMSX', 'KMTX', 'KMUX', 'KMVX', 'KMXX', 'KNKX', 'KNQA', 'KOAX', 'KOHX', 'KOKX', 'KOTX', 'KPAH', 'KPBZ', 'KPDT', 'KPOE', 'KPUX', 'KRAX', 'KRGX', 'KRIW', 'KRLX', 'KRTX', 'KSFX', 'KSGF', 'KSHV', 'KSJT', 'KSOX', 'KSRX', 'KTBW', 'KTFX', 'KTLH', 'KTLX', 'KTWX', 'KTYX', 'KUDX', 'KUEX', 'KVAX', 'KVBX', 'KVNX', 'KVTX', 'KVWX', 'KYUX', 'PACG', 'PAEC', 'PAHG', 'PAIH', 'PAKC', 'PAPD', 'PGUA', 'PHKI', 'PHKM', 'PHMO', 'PHWA', 'RKJK', 'RODN', 'TADW', 'TATL', 'TBNA', 'TBOS', 'TBWI', 'TCLT', 'TCMH', 'TCVG', 'TDAL', 'TDAY', 'TDCA', 'TDEN', 'TDFW', 'TDTW', 'TEWR', 'TFLL', 'THOU', 'TIAD', 'TIAH', 'TICH', 'TIDS', 'TJFK', 'TJUA', 'TLAS', 'TLVE', 'TMCI', 'TMCO', 'TMDW', 'TMEM', 'TMIA', 'TMKE', 'TMSP', 'TMSY', 'TOKC', 'TORD', 'TPBI', 'TPHL', 'TPHX', 'TPIT', 'TRDU', 'TSDF', 'TSJU', 'TSLC', 'TSTL', 'TTPA', 'TTUL']"
2023,01,08,"['FOP1', 'KABR', 'KABX', 'KAKQ', 'KAMA', 'KAMX', 'KAPX', 'KARX', 'KATX', 'KBBX', 'KBGM', 'KBHX', 'KBIS', 'KBLX', 'KBMX', 'KBOX', 'KBRO', 'KBUF', 'KBYX', 'KCAE', 'KCBW', 'KCBX', 'KCCX', 'KCLE', 'KCLX', 'KCRP', 'KCXX', 'KCYS', 'KDAX', 'KDDC', 'KDFX', 'KDGX', 'KDIX', 'KDLH', 'KDMX', 'KDOX', 'KDTX', 'KDVN', 'KDYX', 'KEAX', 'KEMX', 'KENX', 'KEOX', 'KEPZ', 'KESX', 'KEVX', 'KEWX', 'KEYX', 'KFCX', 'KFDR', 'KFDX', 'KFFC', 'KFSD', 'KFSX', 'KFTG', 'KFWS', 'KGGW', 'KGJX', 'KGLD', 'KGRB', 'KGRK', 'KGRR', 'KGWX', 'KGYX', 'KHDX', 'KHGX', 'KHNX', 'KHTX', 'KICT', 'KICX', 'KILN', 'KILX', 'KIND', 'KINX', 'KIWA', 'KIWX', 'KJAX', 'KJGX', 'KJKL', 'KLBB', 'KLCH', 'KLGX', 'KLNX', 'KLOT', 'KLRX', 'KLSX', 'KLVX', 'KLWX', 'KLZK', 'KMAF', 'KMAX', 'KMBX', 'KMHX', 'KMKX', 'KMLB', 'KMOB', 'KMPX', 'KMQT', 'KMRX', 'KMSX', 'KMTX', 'KMUX', 'KMVX', 'KMXX', 'KNKX', 'KNQA', 'KOAX', 'KOHX', 'KOKX', 'KOTX', 'KPAH', 'KPBZ', 'KPDT', 'KPOE', 'KPUX', 'KRAX', 'KRGX', 'KRIW', 'KRLX', 'KRTX', 'KSFX', 'KSGF', 'KSHV', 'KSJT', 'KSOX', 'KSRX', 'KTBW', 'KTFX', 'KTLH', 'KTLX', 'KTWX', 'KTYX', 'KUDX', 'KUEX', 'KVAX', 'KVBX', 'KVNX', 'KVTX', 'KVWX', 'KYUX', 'PACG', 'PAEC', 'PAHG', 'PAIH', 'PAKC', 'PAPD', 'PGUA', 'PHKI', 'PHKM', 'PHMO', 'PHWA', 'RKJK', 'RODN', 'TADW', 'TATL', 'TBNA', 'TBOS', 'TBWI', 'TCLT', 'TCMH', 'TCVG', 'TDAL', 'TDAY', 'TDCA', 'TDEN', 'TDFW', 'TDTW', 'TEWR', 'TFLL', 'THOU', 'TIAD', 'TIAH', 'TICH', 'TIDS', 'TJFK', 'TJUA', 'TLAS', 'TLVE', 'TMCI', 'TMCO', 'TMDW', 'TMEM', 'TMIA', 'TMKE', 'TMSP', 'TMSY', 'TOKC', 'TORD', 'TPBI', 'TPHL', 'TPHX', 'TPIT', 'TRDU', 'TSDF', 'TSJU', 'TSLC', 'TSTL', 'TTPA', 'TTUL']"
2023,01,09,"['FOP1', 'KABR', 'KABX', 'KAKQ', 'KAMA', 'KAMX', 'KAPX', 'KARX', 'KATX', 'KBBX', 'KBGM', 'KBHX', 'KBIS', 'KBLX', 'KBMX', 'KBOX', 'KBRO', 'KBUF', 'KBYX', 'KCAE', 'KCBW', 'KCBX', 'KCCX', 'KCLE', 'KCLX', 'KCRP', 'KCXX', 'KCYS', 'KDAX', 'KDDC', 'KDFX', 'KDGX', 'KDIX', 'KDLH', 'KDMX', 'KDOX', 'KDTX', 'KDVN', 'KDYX', 'KEAX', 'KEMX', 'KENX', 'KEOX', 'KEPZ', 'KESX', 'KEVX', 'KEWX', 'KEYX', 'KFCX', 'KFDR', 'KFDX', 'KFFC', 'KFSD', 'KFSX', 'KFTG', 'KFWS', 'KGGW', 'KGJX', 'KGLD', 'KGRB', 'KGRK', 'KGRR', 'KGWX', 'KGYX', 'KHDX', 'KHGX', 'KHNX', 'KHPX', 'KHTX', 'KICT', 'KICX', 'KILN', 'KILX', 'KIND', 'KINX', 'KIWA', 'KIWX', 'KJAX', 'KJGX', 'KJKL', 'KLBB', 'KLCH', 'KLGX', 'KLNX', 'KLOT', 'KLRX', 'KLSX', 'KLVX', 'KLWX', 'KLZK', 'KMAF', 'KMAX', 'KMBX', 'KMHX', 'KMKX', 'KMLB', 'KMOB', 'KMPX', 'KMQT', 'KMRX', 'KMSX', 'KMTX', 'KMUX', 'KMVX', 'KMXX', 'KNKX', 'KNQA', 'KOAX', 'KOHX', 'KOKX', 'KOTX', 'KPAH', 'KPBZ', 'KPDT', 'KPOE', 'KPUX', 'KRAX', 'KRGX', 'KRIW', 'KRLX', 'KRTX', 'KSFX', 'KSGF', 'KSHV', 'KSJT', 'KSOX', 'KSRX', 'KTBW', 'KTFX', 'KTLH', 'KTLX', 'KTWX', 'KTYX', 'KUDX', 'KUEX', 'KVAX', 'KVBX', 'KVNX', 'KVTX', 'KVWX', 'KYUX', 'PACG', 'PAEC', 'PAHG', 'PAIH', 'PAKC', 'PAPD', 'PGUA', 'PHKI', 'PHKM', 'PHMO', 'PHWA', 'RKJK', 'RODN', 'TADW', 'TATL', 'TBNA', 'TBOS', 'TBWI', 'TCLT', 'TCMH', 'TCVG', 'TDAL', 'TDAY', 'TDCA', 'TDEN', 'TDFW', 'TDTW', 'TEWR', 'TFLL', 'THOU', 'TIAD', 'TIAH', 'TICH', 'TIDS', 'TJFK', 'TJUA', 'TLAS', 'TLVE', 'TMCI', 'TMCO', 'TMDW', 'TMEM', 'TMIA', 'TMKE', 'TMSP', 'TMSY', 'TOKC', 'TORD', 'TPBI', 'TPHL', 'TPHX', 'TPIT', 'TRDU', 'TSDF', 'TSJU', 'TSLC', 'TSTL', 'TTPA', 'TTUL']"
2023,01,10,"['FOP1', 'KABR', 'KABX', 'KAKQ', 'KAMA', 'KAMX', 'KAPX', 'KARX', 'KATX', 'KBBX', 'KBGM', 'KBHX', 'KBIS', 'KBLX', 'KBMX', 'KBOX', 'KBRO', 'KBUF', 'KBYX', 'KCAE', 'KCBW', 'KCBX', 'KCCX', 'KCLE', 'KCLX', 'KCRP', 'KCXX', 'KCYS', 'KDAX', 'KDDC', 'KDFX', 'KDGX', 'KDIX', 'KDLH', 'KDMX', 'KDOX', 'KDTX', 'KDVN', 'KDYX', 'KEAX', 'KEMX', 'KENX', 'KEOX', 'KEPZ', 'KESX', 'KEVX', 'KEWX', 'KEYX', 'KFCX', 'KFDR', 'KFDX', 'KFFC', 'KFSD', 'KFSX', 'KFTG', 'KFWS', 'KGGW', 'KGJX', 'KGRB', 'KGRK', 'KGRR', 'KGWX', 'KGYX', 'KHDX', 'KHGX', 'KHNX', 'KHPX', 'KHTX', 'KICT', 'KICX', 'KILN', 'KILX', 'KIND', 'KINX', 'KIWA', 'KIWX', 'KJAX', 'KJGX', 'KJKL', 'KLBB', 'KLCH', 'KLGX', 'KLNX', 'KLOT', 'KLRX', 'KLSX', 'KLVX', 'KLWX', 'KLZK', 'KMAF', 'KMAX', 'KMBX', 'KMHX', 'KMKX', 'KMLB', 'KMOB', 'KMPX', 'KMQT', 'KMRX', 'KMSX', 'KMTX', 'KMUX', 'KMVX', 'KMXX', 'KNKX', 'KNQA', 'KOAX', 'KOHX', 'KOKX', 'KOTX', 'KPAH', 'KPBZ', 'KPDT', 'KPOE', 'KPUX', 'KRAX', 'KRGX', 'KRIW', 'KRLX', 'KRTX', 'KSFX', 'KSGF', 'KSHV', 'KSJT', 'KSOX', 'KSRX', 'KTBW', 'KTFX', 'KTLH', 'KTLX', 'KTWX', 'KTYX', 'KUDX', 'KUEX', 'KVAX', 'KVBX', 'KVNX', 'KVTX', 'KVWX', 'KYUX', 'PABC', 'PACG', 'PAEC', 'PAHG', 'PAIH', 'PAKC', 'PAPD', 'PGUA', 'PHKI', 'PHKM', 'PHMO', 'PHWA', 'RKJK', 'RKSG', 'RODN', 'TADW', 'TATL', 'TBNA', 'TBOS', 'TBWI', 'TCLT', 'TCMH', 'TCVG', 'TDAL', 'TDAY', 'TDCA', 'TDEN', 'TDFW', 'TDTW', 'TEWR', 'TFLL', 'THOU', 'TIAD', 'TIAH', 'TICH', 'TIDS', 'TJFK', 'TJUA', 'TLAS', 'TLVE', 'TMCI', 'TMCO', 'TMDW', 'TMEM', 'TMIA', 'TMKE', 'TMSP', 'TMSY', 'TOKC', 'TORD', 'TPBI', 'TPHL', 'TPHX', 'TPIT', 'TRDU', 'TSDF', 'TSJU', 'TSLC', 'TSTL', 'TTPA', 'TTUL']"
2023,01,11,"['FOP1', 'KABR', 'KABX', 'KAKQ', 'KAMA', 'KAMX', 'KAPX', 'KARX', 'KATX', 'KBBX', 'KBGM', 'KBHX', 'KBIS', 'KBLX', 'KBMX', 'KBOX', 'KBRO', 'KBUF', 'KBYX', 'KCAE', 'KCBW', 'KCBX', 'KCCX', 'KCLE', 'KCLX', 'KCRP', 'KCXX', 'KCYS', 'KDAX', 'KDDC', 'KDFX', 'KDGX', 'KDIX', 'KDLH', 'KDMX', 'KDOX', 'KDTX', 'KDVN', 'KDYX', 'KEAX', 'KEMX', 'KENX', 'KEOX', 'KEPZ', 'KESX', 'KEVX', 'KEWX', 'KEYX', 'KFCX', 'KFDR', 'KFDX', 'KFFC', 'KFSD', 'KFSX', 'KFTG', 'KFWS', 'KGGW', 'KGJX', 'KGLD', 'KGRB', 'KGRK', 'KGRR', 'KGWX', 'KGYX', 'KHDX', 'KHGX', 'KHNX', 'KHTX', 'KICT', 'KICX', 'KILN', 'KILX', 'KIND', 'KINX', 'KIWA', 'KIWX', 'KJAX', 'KJGX', 'KJKL', 'KLBB', 'KLCH', 'KLGX', 'KLIX', 'KLNX', 'KLOT', 'KLRX', 'KLSX', 'KLTX', 'KLVX', 'KLWX', 'KLZK', 'KMAF', 'KMAX', 'KMBX', 'KMHX', 'KMKX', 'KMLB', 'KMOB', 'KMPX', 'KMQT', 'KMRX', 'KMSX', 'KMTX', 'KMUX', 'KMVX', 'KMXX', 'KNKX', 'KNQA', 'KOAX', 'KOHX', 'KOKX', 'KOTX', 'KPAH', 'KPBZ', 'KPDT', 'KPOE', 'KPUX', 'KRAX', 'KRGX', 'KRIW', 'KRLX', 'KRTX', 'KSFX', 'KSGF', 'KSHV', 'KSJT', 'KSOX', 'KSRX', 'KTBW', 'KTFX', 'KTLH', 'KTLX', 'KTWX', 'KTYX', 'KUDX', 'KUEX', 'KVAX', 'KVBX', 'KVNX', 'KVTX', 'KVWX', 'KYUX', 'PABC', 'PACG', 'PAEC', 'PAHG', 'PAIH', 'PAKC', 'PAPD', 'PGUA', 'PHKI', 'PHKM', 'PHMO', 'PHWA', 'RKJK', 'RKSG', 'RODN', 'TADW', 'TATL', 'TBNA', 'TBOS', 'TBWI', 'TCLT', 'TCMH', 'TCVG', 'TDAL', 'TDAY', 'TDCA', 'TDEN', 'TDFW', 'TDTW', 'TEWR', 'TFLL', 'THOU', 'TIAD', 'TIAH', 'TICH', 'TIDS', 'TJFK', 'TJUA', 'TLAS', 'TLVE', 'TMCI', 'TMCO', 'TMDW', 'TMEM', 'TMIA', 'TMKE', 'TMSP', 'TMSY', 'TOKC', 'TORD', 'TPBI', 'TPHL', 'TPHX', 'TPIT', 'TRDU', 'TSDF', 'TSJU', 'TSLC', 'TSTL', 'TTPA', 'TTUL']"
2023,01,12,"['FOP1', 'KABR', 'KABX', 'KAKQ', 'KAMA', 'KAMX', 'KAPX', 'KARX', 'KATX', 'KBBX', 'KBGM', 'KBHX', 'KBIS', 'KBLX', 'KBMX', 'KBOX', 'KBRO', 'KBUF', 'KBYX', 'KCAE', 'KCBW', 'KCBX', 'KCCX', 'KCLE', 'KCLX', 'KCRP', 'KCXX', 'KCYS', 'KDAX', 'KDDC', 'KDFX', 'KDGX', 'KDIX', 'KDLH', 'KDMX', 'KDOX', 'KDTX', 'KDVN', 'KDYX', 'KEAX', 'KEMX', 'KENX', 'KEOX', 'KEPZ', 'KESX', 'KEVX', 'KEWX', 'KEYX', 'KFCX', 'KFDR', 'KFDX', 'KFFC', 'KFSD', 'KFSX', 'KFTG', 'KFWS', 'KGGW', 'KGJX', 'KGLD', 'KGRB', 'KGRK', 'KGRR', 'KGWX', 'KGYX', 'KHDX', 'KHGX', 'KHNX', 'KHPX', 'KHTX', 'KICT', 'KICX', 'KILN', 'KILX', 'KIND', 'KINX', 'KIWA', 'KIWX', 'KJAX', 'KJGX', 'KJKL', 'KLBB', 'KLCH', 'KLGX', 'KLIX', 'KLNX', 'KLOT', 'KLRX', 'KLSX', 'KLTX', 'KLVX', 'KLWX', 'KLZK', 'KMAF', 'KMAX', 'KMBX', 'KMHX', 'KMKX', 'KMLB', 'KMOB', 'KMPX', 'KMQT', 'KMRX', 'KMSX', 'KMTX', 'KMUX', 'KMVX', 'KMXX', 'KNKX', 'KNQA', 'KOAX', 'KOHX', 'KOKX', 'KOTX', 'KPAH', 'KPBZ', 'KPDT', 'KPOE', 'KPUX', 'KRAX', 'KRGX', 'KRIW', 'KRLX', 'KRTX', 'KSFX', 'KSGF', 'KSHV', 'KSJT', 'KSOX', 'KSRX', 'KTBW', 'KTFX', 'KTLH', 'KTLX', 'KTWX', 'KTYX', 'KUDX', 'KUEX', 'KVAX', 'KVBX', 'KVNX', 'KVTX', 'KVWX', 'KYUX', 'PABC', 'PACG', 'PAEC', 'PAHG', 'PAIH', 'PAKC', 'PAPD', 'PGUA', 'PHKI', 'PHKM', 'PHMO', 'PHWA', 'RKJK', 'RKSG', 'RODN', 'TADW', 'TATL', 'TBNA', 'TBOS', 'TBWI', 'TCLT', 'TCMH', 'TCVG', 'TDAL', 'TDAY', 'TDCA', 'TDEN', 'TDFW', 'TDTW', 'TEWR', 'TFLL', 'THOU', 'TIAD', 'TIAH', 'TICH', 'TIDS', 'TJFK', 'TJUA', 'TLAS', 'TLVE', 'TMCI', 'TMCO', 'TMDW', 'TMEM', 'TMIA', 'TMKE', 'TMSP', 'TMSY', 'TOKC', 'TORD', 'TPBI', 'TPHL', 'TPHX', 'TPIT', 'TRDU', 'TSDF', 'TSJU', 'TSLC', 'TSTL', 'TTPA', 'TTUL']"
2023,01,13,"['FOP1', 'KABR', 'KABX', 'KAKQ', 'KAMA', 'KAMX', 'KAPX', 'KARX', 'KATX', 'KBBX', 'KBGM', 'KBHX', 'KBIS', 'KBLX', 'KBMX', 'KBOX', 'KBRO', 'KBUF', 'KBYX', 'KCAE', 'KCBW', 'KCBX', 'KCCX', 'KCLE', 'KCLX', 'KCRP', 'KCXX', 'KCYS', 'KDAX', 'KDDC', 'KDFX', 'KDGX', 'KDIX', 'KDLH', 'KDMX', 'KDOX', 'KDTX', 'KDVN', 'KDYX', 'KEAX', 'KEMX', 'KENX', 'KEOX', 'KEPZ', 'KESX', 'KEVX', 'KEWX', 'KEYX', 'KFCX', 'KFDR', 'KFDX', 'KFFC', 'KFSD', 'KFSX', 'KFTG', 'KFWS', 'KGGW', 'KGJX', 'KGLD', 'KGRB', 'KGRK', 'KGRR', 'KGWX', 'KGYX', 'KHDX', 'KHGX', 'KHNX', 'KHTX', 'KICT', 'KICX', 'KILN', 'KILX', 'KIND', 'KINX', 'KIWA', 'KIWX', 'KJAX', 'KJGX', 'KJKL', 'KLBB', 'KLCH', 'KLGX', 'KLIX', 'KLNX', 'KLOT', 'KLRX', 'KLSX', 'KLTX', 'KLVX', 'KLWX', 'KLZK', 'KMAF', 'KMAX', 'KMBX', 'KMHX', 'KMKX', 'KMLB', 'KMOB', 'KMPX', 'KMQT', 'KMRX', 'KMSX', 'KMTX', 'KMUX', 'KMVX', 'KMXX', 'KNKX', 'KNQA', 'KOAX', 'KOHX', 'KOKX', 'KOTX', 'KPAH', 'KPBZ', 'KPDT', 'KPOE', 'KPUX', 'KRAX', 'KRGX', 'KRIW', 'KRLX', 'KRTX', 'KSFX', 'KSGF', 'KSJT', 'KSOX', 'KSRX', 'KTBW', 'KTFX', 'KTLH', 'KTLX', 'KTWX', 'KTYX', 'KUDX', 'KUEX', 'KVAX', 'KVBX', 'KVNX', 'KVTX', 'KVWX', 'KYUX', 'NOP4', 'PABC', 'PACG', 'PAEC', 'PAHG', 'PAIH', 'PAKC', 'PAPD', 'PGUA', 'PHKI', 'PHKM', 'PHMO', 'PHWA', 'RKJK', 'RODN', 'TADW', 'TATL', 'TBNA', 'TBOS', 'TBWI', 'TCLT', 'TCMH', 'TCVG', 'TDAL', 'TDAY', 'TDCA', 'TDEN', 'TDFW', 'TDTW', 'TEWR', 'TFLL', 'THOU', 'TIAD', 'TIAH', 'TICH', 'TIDS', 'TJFK', 'TJUA', 'TLAS', 'TLVE', 'TMCI', 'TMCO', 'TMDW', 'TMEM', 'TMIA', 'TMKE', 'TMSP', 'TMSY', 'TOKC', 'TORD', 'TPBI', 'TPHL', 'TPHX', 'TPIT', 'TRDU', 'TSDF', 'TSJU', 'TSLC', 'TSTL', 'TTPA', 'TTUL']"
2023,01,14,"['KABR', 'KABX', 'KAKQ', 'KAMA', 'KAMX', 'KAPX', 'KARX', 'KBBX', 'KBGM', 'KBHX', 'KBIS', 'KBLX', 'KBMX', 'KBOX', 'KBRO', 'KBUF', 'KBYX', 'KCAE', 'KCBW', 'KCBX', 'KCCX', 'KCLE', 'KCLX', 'KCRP', 'KCXX', 'KCYS', 'KDAX', 'KDDC', 'KDFX', 'KDGX', 'KDIX', 'KDLH', 'KDMX', 'KDOX', 'KDTX', 'KDVN', 'KDYX', 'KEAX', 'KEMX', 'KENX', 'KEOX', 'KEPZ', 'KESX', 'KEVX', 'KEWX', 'KEYX', 'KFCX', 'KFDR', 'KFDX', 'KFFC', 'KFSD', 'KFSX', 'KFTG', 'KFWS', 'KGGW', 'KGJX', 'KGLD', 'KGRB', 'KGRK', 'KGRR', 'KGWX', 'KGYX', 'KHDX', 'KHGX', 'KHNX', 'KHTX', 'KICT', 'KICX', 'KILN', 'KILX', 'KIND', 'KINX', 'KIWA', 'KIWX', 'KJAX', 'KJGX', 'KJKL', 'KLBB', 'KLCH', 'KLGX', 'KLIX', 'KLNX', 'KLOT', 'KLRX', 'KLSX', 'KLTX', 'KLVX', 'KLWX', 'KLZK', 'KMAF', 'KMAX', 'KMBX', 'KMHX', 'KMKX', 'KMLB', 'KMOB', 'KMPX', 'KMQT', 'KMRX', 'KMSX', 'KMTX', 'KMUX', 'KMVX', 'KMXX', 'KNKX', 'KNQA', 'KOAX', 'KOHX', 'KOKX', 'KOTX', 'KPAH', 'KPBZ', 'KPDT', 'KPOE', 'KPUX', 'KRAX', 'KRGX', 'KRIW', 'KRLX', 'KRTX', 'KSFX', 'KSGF', 'KSJT', 'KSOX', 'KSRX', 'KTBW', 'KTFX', 'KTLH', 'KTLX', 'KTWX', 'KTYX', 'KUDX', 'KUEX', 'KVAX', 'KVBX', 'KVNX', 'KVTX', 'KVWX', 'KYUX', 'NOP4', 'PABC', 'PACG', 'PAEC', 'PAHG', 'PAIH', 'PAKC', 'PAPD', 'PGUA', 'PHKI', 'PHKM', 'PHMO', 'PHWA', 'RKJK', 'RODN', 'TADW', 'TATL', 'TBNA', 'TBOS', 'TBWI', 'TCLT', 'TCMH', 'TCVG', 'TDAL', 'TDAY', 'TDCA', 'TDEN', 'TDFW', 'TDTW', 'TEWR', 'TFLL', 'THOU', 'TIAD', 'TIAH', 'TICH', 'TIDS', 'TJFK', 'TJUA', 'TLAS', 'TLVE', 'TMCI', 'TMCO', 'TMDW', 'TMEM', 'TMIA', 'TMKE', 'TMSP', 'TMSY', 'TOKC', 'TORD', 'TPBI', 'TPHL', 'TPHX', 'TPIT', 'TRDU', 'TSDF', 'TSJU', 'TSLC', 'TSTL', 'TTPA', 'TTUL']"
2023,01,15,"['KABR', 'KABX', 'KAKQ', 'KAMA', 'KAMX', 'KAPX', 'KARX', 'KBBX', 'KBGM', 'KBHX', 'KBIS', 'KBLX', 'KBMX', 'KBOX', 'KBRO', 'KBUF', 'KBYX', 'KCAE', 'KCBW', 'KCBX', 'KCCX', 'KCLE', 'KCLX', 'KCRP', 'KCXX', 'KCYS', 'KDAX', 'KDDC', 'KDFX', 'KDGX', 'KDIX', 'KDLH', 'KDMX', 'KDOX', 'KDTX', 'KDVN', 'KDYX', 'KEAX', 'KEMX', 'KENX', 'KEOX', 'KEPZ', 'KESX', 'KEVX', 'KEWX', 'KEYX', 'KFCX', 'KFDR', 'KFDX', 'KFFC', 'KFSD', 'KFSX', 'KFTG', 'KFWS', 'KGGW', 'KGJX', 'KGLD', 'KGRB', 'KGRK', 'KGRR', 'KGWX', 'KGYX', 'KHDX', 'KHGX', 'KHNX', 'KHTX', 'KICT', 'KICX', 'KILN', 'KILX', 'KIND', 'KINX', 'KIWA', 'KIWX', 'KJAX', 'KJGX', 'KJKL', 'KLBB', 'KLCH', 'KLGX', 'KLIX', 'KLNX', 'KLOT', 'KLRX', 'KLSX', 'KLTX', 'KLVX', 'KLWX', 'KLZK', 'KMAF', 'KMAX', 'KMBX', 'KMHX', 'KMKX', 'KMLB', 'KMOB', 'KMPX', 'KMQT', 'KMRX', 'KMSX', 'KMTX', 'KMUX', 'KMVX', 'KMXX', 'KNKX', 'KNQA', 'KOAX', 'KOHX', 'KOKX', 'KOTX', 'KPAH', 'KPBZ', 'KPDT', 'KPOE', 'KPUX', 'KRAX', 'KRGX', 'KRIW', 'KRLX', 'KRTX', 'KSFX', 'KSGF', 'KSJT', 'KSOX', 'KSRX', 'KTBW', 'KTFX', 'KTLH', 'KTLX', 'KTWX', 'KTYX', 'KUDX', 'KUEX', 'KVAX', 'KVBX', 'KVNX', 'KVTX', 'KVWX', 'KYUX', 'NOP4', 'PABC', 'PACG', 'PAEC', 'PAHG', 'PAIH', 'PAKC', 'PAPD', 'PGUA', 'PHKI', 'PHKM', 'PHMO', 'PHWA', 'RKJK', 'RODN', 'TADW', 'TATL', 'TBNA', 'TBOS', 'TBWI', 'TCLT', 'TCMH', 'TCVG', 'TDAL', 'TDAY', 'TDCA', 'TDEN', 'TDFW', 'TDTW', 'TEWR', 'TFLL', 'THOU', 'TIAD', 'TIAH', 'TICH', 'TIDS', 'TJFK', 'TJUA', 'TLAS', 'TLVE', 'TMCI', 'TMCO', 'TMDW', 'TMEM', 'TMIA', 'TMKE', 'TMSP', 'TMSY', 'TOKC', 'TORD', 'TPBI', 'TPHL', 'TPHX', 'TPIT', 'TRDU', 'TSDF', 'TSJU', 'TSLC', 'TSTL', 'TTPA', 'TTUL']"
2023,01,16,"['KABR', 'KABX', 'KAKQ', 'KAMA', 'KAMX', 'KAPX', 'KARX', 'KBBX', 'KBGM', 'KBHX', 'KBIS', 'KBLX', 'KBMX', 'KBOX', 'KBRO', 'KBUF', 'KBYX', 'KCAE', 'KCBW', 'KCBX', 'KCCX', 'KCLE', 'KCLX', 'KCRP', 'KCXX', 'KCYS', 'KDAX', 'KDDC', 'KDFX', 'KDGX', 'KDIX', 'KDLH', 'KDMX', 'KDOX', 'KDTX', 'KDVN', 'KDYX', 'KEAX', 'KEMX', 'KENX', 'KEOX', 'KEPZ', 'KESX', 'KEVX', 'KEWX', 'KEYX', 'KFCX', 'KFDR', 'KFDX', 'KFFC', 'KFSD', 'KFSX', 'KFTG', 'KFWS', 'KGGW', 'KGJX', 'KGLD', 'KGRB', 'KGRK', 'KGRR', 'KGWX', 'KGYX', 'KHDX', 'KHGX', 'KHNX', 'KHTX', 'KICT', 'KICX', 'KILN', 'KILX', 'KIND', 'KINX', 'KIWA', 'KIWX', 'KJAX', 'KJGX', 'KJKL', 'KLBB', 'KLCH', 'KLGX', 'KLIX', 'KLNX', 'KLOT', 'KLRX', 'KLSX', 'KLTX', 'KLVX', 'KLWX', 'KLZK', 'KMAF', 'KMAX', 'KMBX', 'KMHX', 'KMKX', 'KMLB', 'KMOB', 'KMPX', 'KMQT', 'KMRX', 'KMSX', 'KMTX', 'KMUX', 'KMVX', 'KMXX', 'KNKX', 'KNQA', 'KOAX', 'KOHX', 'KOKX', 'KOTX', 'KPAH', 'KPBZ', 'KPDT', 'KPOE', 'KPUX', 'KRAX', 'KRGX', 'KRIW', 'KRLX', 'KRTX', 'KSFX', 'KSGF', 'KSJT', 'KSOX', 'KSRX', 'KTBW', 'KTFX', 'KTLH', 'KTLX', 'KTWX', 'KTYX', 'KUDX', 'KUEX', 'KVAX', 'KVBX', 'KVNX', 'KVTX', 'KVWX', 'KYUX', 'NOP4', 'PABC', 'PACG', 'PAEC', 'PAHG', 'PAIH', 'PAKC', 'PAPD', 'PGUA', 'PHKI', 'PHMO', 'PHWA', 'RKJK', 'RODN', 'TADW', 'TATL', 'TBNA', 'TBOS', 'TBWI', 'TCLT', 'TCMH', 'TCVG', 'TDAL', 'TDAY', 'TDCA', 'TDEN', 'TDFW', 'TDTW', 'TEWR', 'TFLL', 'THOU', 'TIAD', 'TIAH', 'TICH', 'TIDS', 'TJFK', 'TJUA', 'TLAS', 'TLVE', 'TMCI', 'TMCO', 'TMDW', 'TMEM', 'TMIA', 'TMKE', 'TMSP', 'TMSY', 'TOKC', 'TORD', 'TPBI', 'TPHL', 'TPHX', 'TPIT', 'TRDU', 'TSDF', 'TSJU', 'TSLC', 'TSTL', 'TTPA', 'TTUL']"
2023,01,17,"['KABR', 'KABX', 'KAKQ', 'KAMA', 'KAMX', 'KAPX', 'KARX', 'KBBX', 'KBGM', 'KBHX', 'KBIS', 'KBLX', 'KBMX', 'KBOX', 'KBRO', 'KBUF', 'KBYX', 'KCAE', 'KCBW', 'KCBX', 'KCCX', 'KCLE', 'KCLX', 'KCRP', 'KCXX', 'KCYS', 'KDAX', 'KDDC', 'KDFX', 'KDGX', 'KDIX', 'KDLH', 'KDMX', 'KDOX', 'KDTX', 'KDVN', 'KDYX', 'KEAX', 'KEMX', 'KENX', 'KEOX', 'KEPZ', 'KESX', 'KEVX', 'KEWX', 'KEYX', 'KFCX', 'KFDR', 'KFDX', 'KFFC', 'KFSD', 'KFSX', 'KFTG', 'KFWS', 'KGGW', 'KGJX', 'KGLD', 'KGRB', 'KGRK', 'KGRR', 'KGWX', 'KGYX', 'KHDX', 'KHGX', 'KHNX', 'KHTX', 'KICT', 'KICX', 'KILN', 'KILX', 'KIND', 'KINX', 'KIWA', 'KIWX', 'KJAX', 'KJGX', 'KJKL', 'KLBB', 'KLCH', 'KLGX', 'KLIX', 'KLNX', 'KLOT', 'KLRX', 'KLSX', 'KLTX', 'KLVX', 'KLWX', 'KLZK', 'KMAF', 'KMAX', 'KMBX', 'KMHX', 'KMKX', 'KMLB', 'KMOB', 'KMPX', 'KMQT', 'KMRX', 'KMSX', 'KMTX', 'KMUX', 'KMVX', 'KMXX', 'KNQA', 'KOAX', 'KOHX', 'KOKX', 'KOTX', 'KPAH', 'KPBZ', 'KPDT', 'KPOE', 'KPUX', 'KRAX', 'KRGX', 'KRIW', 'KRLX', 'KRTX', 'KSFX', 'KSGF', 'KSHV', 'KSJT', 'KSOX', 'KSRX', 'KTBW', 'KTFX', 'KTLH', 'KTLX', 'KTWX', 'KTYX', 'KUDX', 'KUEX', 'KVAX', 'KVBX', 'KVNX', 'KVTX', 'KVWX', 'KYUX', 'NOP4', 'PABC', 'PACG', 'PAEC', 'PAHG', 'PAIH', 'PAKC', 'PAPD', 'PGUA', 'PHKI', 'PHKM', 'PHMO', 'PHWA', 'RKJK', 'RODN', 'TADW', 'TATL', 'TBNA', 'TBOS', 'TBWI', 'TCLT', 'TCMH', 'TCVG', 'TDAL', 'TDAY', 'TDCA', 'TDEN', 'TDFW', 'TDTW', 'TEWR', 'TFLL', 'THOU', 'TIAD', 'TIAH', 'TICH', 'TIDS', 'TJFK', 'TJUA', 'TLAS', 'TLVE', 'TMCI', 'TMCO', 'TMDW', 'TMEM', 'TMIA', 'TMSP', 'TMSY', 'TOKC', 'TORD', 'TPBI', 'TPHL', 'TPHX', 'TPIT', 'TRDU', 'TSDF', 'TSJU', 'TSLC', 'TSTL', 'TTPA', 'TTUL']"
2023,01,18,"['KABR', 'KABX', 'KAKQ', 'KAMA', 'KAMX', 'KAPX', 'KARX', 'KBBX', 'KBGM', 'KBHX', 'KBIS', 'KBLX', 'KBMX', 'KBOX', 'KBRO', 'KBUF', 'KBYX', 'KCAE', 'KCBW', 'KCBX', 'KCCX', 'KCLE', 'KCLX', 'KCRP', 'KCXX', 'KCYS', 'KDAX', 'KDDC', 'KDFX', 'KDGX', 'KDIX', 'KDLH', 'KDMX', 'KDOX', 'KDTX', 'KDVN', 'KDYX', 'KEAX', 'KEMX', 'KENX', 'KEOX', 'KEPZ', 'KESX', 'KEVX', 'KEWX', 'KEYX', 'KFCX', 'KFDR', 'KFDX', 'KFFC', 'KFSD', 'KFSX', 'KFTG', 'KFWS', 'KGGW', 'KGJX', 'KGLD', 'KGRB', 'KGRK', 'KGRR', 'KGWX', 'KGYX', 'KHDX', 'KHGX', 'KHNX', 'KHPX', 'KHTX', 'KICT', 'KICX', 'KILN', 'KILX', 'KIND', 'KINX', 'KIWA', 'KIWX', 'KJAX', 'KJGX', 'KJKL', 'KLBB', 'KLCH', 'KLGX', 'KLIX', 'KLNX', 'KLOT', 'KLRX', 'KLSX', 'KLTX', 'KLVX', 'KLWX', 'KLZK', 'KMAF', 'KMAX', 'KMBX', 'KMHX', 'KMKX', 'KMLB', 'KMOB', 'KMPX', 'KMQT', 'KMRX', 'KMSX', 'KMTX', 'KMUX', 'KMVX', 'KMXX', 'KNKX', 'KNQA', 'KOAX', 'KOHX', 'KOKX', 'KOTX', 'KPAH', 'KPBZ', 'KPDT', 'KPOE', 'KPUX', 'KRAX', 'KRGX', 'KRIW', 'KRLX', 'KRTX', 'KSFX', 'KSGF', 'KSHV', 'KSJT', 'KSOX', 'KSRX', 'KTBW', 'KTFX', 'KTLH', 'KTLX', 'KTWX', 'KTYX', 'KUDX', 'KUEX', 'KVAX', 'KVBX', 'KVNX', 'KVTX', 'KVWX', 'KYUX', 'NOP4', 'PABC', 'PACG', 'PAEC', 'PAHG', 'PAIH', 'PAKC', 'PAPD', 'PGUA', 'PHKI', 'PHKM', 'PHMO', 'PHWA', 'RKJK', 'RODN', 'TADW', 'TATL', 'TBNA', 'TBOS', 'TBWI', 'TCLT', 'TCMH', 'TCVG', 'TDAL', 'TDAY', 'TDCA', 'TDEN', 'TDFW', 'TDTW', 'TEWR', 'TFLL', 'THOU', 'TIAD', 'TIAH', 'TICH', 'TIDS', 'TJFK', 'TJUA', 'TLAS', 'TLVE', 'TMCI', 'TMCO', 'TMDW', 'TMEM', 'TMIA', 'TMKE', 'TMSP', 'TMSY', 'TOKC', 'TORD', 'TPBI', 'TPHL', 'TPHX', 'TPIT', 'TRDU', 'TSDF', 'TSJU', 'TSLC', 'TSTL', 'TTPA', 'TTUL']"
2023,01,19,"['KABR', 'KABX', 'KAKQ', 'KAMA', 'KAMX', 'KAPX', 'KARX', 'KATX', 'KBBX', 'KBGM', 'KBHX', 'KBIS', 'KBLX', 'KBMX', 'KBOX', 'KBRO', 'KBUF', 'KBYX', 'KCAE', 'KCBW', 'KCBX', 'KCCX', 'KCLE', 'KCLX', 'KCRP', 'KCXX', 'KCYS', 'KDAX', 'KDDC', 'KDFX', 'KDGX', 'KDIX', 'KDLH', 'KDMX', 'KDOX', 'KDTX', 'KDVN', 'KDYX', 'KEAX', 'KEMX', 'KENX', 'KEOX', 'KEPZ', 'KESX', 'KEVX', 'KEWX', 'KEYX', 'KFCX', 'KFDR', 'KFDX', 'KFFC', 'KFSD', 'KFSX', 'KFTG', 'KFWS', 'KGGW', 'KGJX', 'KGLD', 'KGRB', 'KGRK', 'KGRR', 'KGWX', 'KGYX', 'KHDX', 'KHGX', 'KHNX', 'KHPX', 'KHTX', 'KICT', 'KICX', 'KILN', 'KILX', 'KIND', 'KINX', 'KIWA', 'KIWX', 'KJAX', 'KJGX', 'KJKL', 'KLBB', 'KLCH', 'KLGX', 'KLIX', 'KLNX', 'KLOT', 'KLRX', 'KLSX', 'KLTX', 'KLVX', 'KLWX', 'KLZK', 'KMAF', 'KMAX', 'KMBX', 'KMHX', 'KMKX', 'KMLB', 'KMOB', 'KMPX', 'KMQT', 'KMRX', 'KMSX', 'KMTX', 'KMUX', 'KMVX', 'KMXX', 'KNKX', 'KNQA', 'KOAX', 'KOHX', 'KOKX', 'KOTX', 'KPAH', 'KPBZ', 'KPDT', 'KPOE', 'KPUX', 'KRAX', 'KRGX', 'KRIW', 'KRLX', 'KRTX', 'KSFX', 'KSGF', 'KSHV', 'KSJT', 'KSOX', 'KSRX', 'KTBW', 'KTFX', 'KTLH', 'KTLX', 'KTWX', 'KTYX', 'KUDX', 'KUEX', 'KVAX', 'KVBX', 'KVNX', 'KVTX', 'KVWX', 'KYUX', 'NOP4', 'PABC', 'PACG', 'PAEC', 'PAHG', 'PAIH', 'PAKC', 'PAPD', 'PGUA', 'PHKI', 'PHKM', 'PHMO', 'PHWA', 'RKJK', 'RODN', 'TADW', 'TATL', 'TBNA', 'TBOS', 'TBWI', 'TCLT', 'TCMH', 'TCVG', 'TDAL', 'TDAY', 'TDCA', 'TDEN', 'TDFW', 'TDTW', 'TEWR', 'TFLL', 'THOU', 'TIAD', 'TIAH', 'TICH', 'TIDS', 'TJFK', 'TJUA', 'TLAS', 'TLVE', 'TMCI', 'TMCO', 'TMDW', 'TMEM', 'TMIA', 'TMKE', 'TMSP', 'TMSY', 'TOKC', 'TORD', 'TPBI', 'TPHL', 'TPHX', 'TPIT', 'TRDU', 'TSDF', 'TSJU', 'TSLC', 'TSTL', 'TTPA', 'TTUL']"
2023,01,20,"['KABR', 'KABX', 'KAKQ', 'KAMA', 'KAMX', 'KAPX', 'KARX', 'KATX', 'KBBX', 'KBGM', 'KBHX', 'KBIS', 'KBLX', 'KBMX', 'KBOX', 'KBRO', 'KBUF', 'KBYX', 'KCAE', 'KCBW', 'KCBX', 'KCCX', 'KCLE', 'KCLX', 'KCRP', 'KCXX', 'KCYS', 'KDAX', 'KDDC', 'KDFX', 'KDGX', 'KDIX', 'KDLH', 'KDMX', 'KDOX', 'KDTX', 'KDVN', 'KDYX', 'KEAX', 'KEMX', 'KENX', 'KEOX', 'KEPZ', 'KESX', 'KEVX', 'KEWX', 'KEYX', 'KFCX', 'KFDR', 'KFDX', 'KFFC', 'KFSD', 'KFSX', 'KFTG', 'KFWS', 'KGGW', 'KGJX', 'KGLD', 'KGRB', 'KGRK', 'KGRR', 'KGWX', 'KGYX', 'KHDX', 'KHGX', 'KHNX', 'KHPX', 'KHTX', 'KICT', 'KICX', 'KILN', 'KILX', 'KIND', 'KINX', 'KIWA', 'KIWX', 'KJAX', 'KJGX', 'KJKL', 'KLBB', 'KLCH', 'KLGX', 'KLIX', 'KLNX', 'KLOT', 'KLRX', 'KLSX', 'KLTX', 'KLVX', 'KLWX', 'KMAF', 'KMAX', 'KMBX', 'KMHX', 'KMKX', 'KMLB', 'KMOB', 'KMPX', 'KMQT', 'KMRX', 'KMSX', 'KMTX', 'KMUX', 'KMVX', 'KMXX', 'KNKX', 'KNQA', 'KOAX', 'KOHX', 'KOKX', 'KOTX', 'KPAH', 'KPBZ', 'KPDT', 'KPOE', 'KPUX', 'KRAX', 'KRGX', 'KRIW', 'KRLX', 'KRTX', 'KSFX', 'KSGF', 'KSHV', 'KSJT', 'KSOX', 'KSRX', 'KTBW', 'KTFX', 'KTLH', 'KTLX', 'KTWX', 'KTYX', 'KUDX', 'KUEX', 'KVAX', 'KVBX', 'KVNX', 'KVTX', 'KVWX', 'KYUX', 'NOP4', 'PABC', 'PACG', 'PAEC', 'PAHG', 'PAIH', 'PAKC', 'PAPD', 'PHKI', 'PHKM', 'PHMO', 'PHWA', 'RKJK', 'RODN', 'TADW', 'TATL', 'TBNA', 'TBOS', 'TBWI', 'TCLT', 'TCMH', 'TCVG', 'TDAL', 'TDAY', 'TDCA', 'TDEN', 'TDFW', 'TDTW', 'TEWR', 'TFLL', 'THOU', 'TIAD', 'TIAH', 'TIDS', 'TJFK', 'TJUA', 'TLAS', 'TLVE', 'TMCI', 'TMCO', 'TMDW', 'TMEM', 'TMIA', 'TMKE', 'TMSP', 'TMSY', 'TOKC', 'TORD', 'TPBI', 'TPHL', 'TPHX', 'TPIT', 'TRDU', 'TSJU', 'TSLC', 'TSTL', 'TTPA', 'TTUL']"
2023,01,21,"['KABR', 'KABX', 'KAKQ', 'KAMA', 'KAMX', 'KAPX', 'KARX', 'KATX', 'KBBX', 'KBGM', 'KBHX', 'KBIS', 'KBLX', 'KBMX', 'KBOX', 'KBRO', 'KBUF', 'KBYX', 'KCAE', 'KCBW', 'KCBX', 'KCCX', 'KCLE', 'KCLX', 'KCRP', 'KCXX', 'KCYS', 'KDAX', 'KDDC', 'KDFX', 'KDGX', 'KDIX', 'KDLH', 'KDMX', 'KDOX', 'KDTX', 'KDVN', 'KDYX', 'KEAX', 'KEMX', 'KENX', 'KEOX', 'KEPZ', 'KESX', 'KEVX', 'KEWX', 'KEYX', 'KFCX', 'KFDR', 'KFDX', 'KFFC', 'KFSD', 'KFSX', 'KFTG', 'KFWS', 'KGGW', 'KGJX', 'KGLD', 'KGRB', 'KGRK', 'KGRR', 'KGWX', 'KGYX', 'KHDX', 'KHGX', 'KHNX', 'KHPX', 'KHTX', 'KICT', 'KICX', 'KILN', 'KILX', 'KIND', 'KINX', 'KIWA', 'KIWX', 'KJAX', 'KJGX', 'KJKL', 'KLBB', 'KLCH', 'KLGX', 'KLIX', 'KLNX', 'KLOT', 'KLRX', 'KLSX', 'KLTX', 'KLVX', 'KLWX', 'KMAF', 'KMAX', 'KMBX', 'KMHX', 'KMKX', 'KMLB', 'KMOB', 'KMPX', 'KMQT', 'KMRX', 'KMSX', 'KMTX', 'KMUX', 'KMVX', 'KMXX', 'KNKX', 'KNQA', 'KOAX', 'KOHX', 'KOKX', 'KPAH', 'KPBZ', 'KPDT', 'KPOE', 'KPUX', 'KRAX', 'KRGX', 'KRIW', 'KRLX', 'KRTX', 'KSFX', 'KSGF', 'KSHV', 'KSJT', 'KSOX', 'KSRX', 'KTBW', 'KTFX', 'KTLH', 'KTLX', 'KTWX', 'KTYX', 'KUDX', 'KUEX', 'KVAX', 'KVBX', 'KVNX', 'KVTX', 'KVWX', 'KYUX', 'NOP4', 'PABC', 'PACG', 'PAEC', 'PAHG', 'PAIH', 'PAKC', 'PAPD', 'PGUA', 'PHKI', 'PHKM', 'PHMO', 'PHWA', 'RKJK', 'RODN', 'TATL', 'TBNA', 'TBOS', 'TBWI', 'TCLT', 'TCMH', 'TCVG', 'TDAL', 'TDAY', 'TDCA', 'TDEN', 'TDFW', 'TDTW', 'TEWR', 'TFLL', 'THOU', 'TIAD', 'TIAH', 'TIDS', 'TJFK', 'TJUA', 'TLAS', 'TLVE', 'TMCI', 'TMCO', 'TMDW', 'TMEM', 'TMIA', 'TMSP', 'TMSY', 'TOKC', 'TORD', 'TPBI', 'TPHL', 'TPHX', 'TRDU', 'TSJU', 'TSLC', 'TSTL', 'TTPA', 'TTUL']"
2023,01,22,"['KABR', 'KABX', 'KAKQ', 'KAMA', 'KAMX', 'KAPX', 'KARX', 'KATX', 'KBBX', 'KBGM', 'KBHX', 'KBIS', 'KBLX', 'KBMX', 'KBOX', 'KBRO', 'KBUF', 'KBYX', 'KCAE', 'KCBW', 'KCBX', 'KCCX', 'KCLE', 'KCLX', 'KCRP', 'KCXX', 'KCYS', 'KDAX', 'KDDC', 'KDFX', 'KDGX', 'KDIX', 'KDLH', 'KDMX', 'KDOX', 'KDTX', 'KDVN', 'KDYX', 'KEAX', 'KEMX', 'KENX', 'KEOX', 'KEPZ', 'KESX', 'KEVX', 'KEWX', 'KEYX', 'KFCX', 'KFDR', 'KFDX', 'KFFC', 'KFSD', 'KFSX', 'KFTG', 'KFWS', 'KGGW', 'KGJX', 'KGLD', 'KGRB', 'KGRK', 'KGRR', 'KGWX', 'KGYX', 'KHDX', 'KHGX', 'KHNX', 'KHPX', 'KHTX', 'KICT', 'KICX', 'KILN', 'KILX', 'KIND', 'KINX', 'KIWA', 'KIWX', 'KJAX', 'KJGX', 'KJKL', 'KLBB', 'KLCH', 'KLGX', 'KLIX', 'KLNX', 'KLOT', 'KLRX', 'KLSX', 'KLTX', 'KLVX', 'KLWX', 'KMAF', 'KMAX', 'KMBX', 'KMHX', 'KMKX', 'KMLB', 'KMOB', 'KMPX', 'KMQT', 'KMRX', 'KMSX', 'KMTX', 'KMUX', 'KMVX', 'KMXX', 'KNKX', 'KNQA', 'KOAX', 'KOHX', 'KOKX', 'KPAH', 'KPBZ', 'KPDT', 'KPOE', 'KPUX', 'KRAX', 'KRGX', 'KRIW', 'KRLX', 'KRTX', 'KSFX', 'KSGF', 'KSHV', 'KSJT', 'KSOX', 'KSRX', 'KTBW', 'KTFX', 'KTLH', 'KTLX', 'KTWX', 'KTYX', 'KUDX', 'KUEX', 'KVAX', 'KVBX', 'KVNX', 'KVTX', 'KVWX', 'KYUX', 'NOP4', 'PACG', 'PAEC', 'PAHG', 'PAIH', 'PAKC', 'PAPD', 'PHKI', 'PHKM', 'PHMO', 'PHWA', 'RKJK', 'RODN', 'TATL', 'TBNA', 'TBOS', 'TBWI', 'TCLT', 'TCMH', 'TCVG', 'TDAL', 'TDAY', 'TDCA', 'TDEN', 'TDFW', 'TDTW', 'TEWR', 'TFLL', 'THOU', 'TIAD', 'TIAH', 'TIDS', 'TJFK', 'TJUA', 'TLAS', 'TLVE', 'TMCI', 'TMCO', 'TMDW', 'TMEM', 'TMIA', 'TMSP', 'TMSY', 'TOKC', 'TORD', 'TPBI', 'TPHL', 'TPHX', 'TRDU', 'TSJU', 'TSLC', 'TSTL', 'TTPA', 'TTUL']"
2023,01,23,"['KABR', 'KABX', 'KAKQ', 'KAMA', 'KAMX', 'KAPX', 'KARX', 'KATX', 'KBBX', 'KBGM', 'KBHX', 'KBIS', 'KBLX', 'KBMX', 'KBOX', 'KBRO', 'KBUF', 'KBYX', 'KCAE', 'KCBW', 'KCBX', 'KCCX', 'KCLE', 'KCLX', 'KCRP', 'KCXX', 'KCYS', 'KDAX', 'KDDC', 'KDFX', 'KDGX', 'KDIX', 'KDLH', 'KDMX', 'KDOX', 'KDTX', 'KDVN', 'KDYX', 'KEAX', 'KEMX', 'KENX', 'KEOX', 'KEPZ', 'KESX', 'KEVX', 'KEWX', 'KEYX', 'KFCX', 'KFDR', 'KFDX', 'KFFC', 'KFSD', 'KFSX', 'KFTG', 'KFWS', 'KGGW', 'KGJX', 'KGLD', 'KGRB', 'KGRK', 'KGRR', 'KGWX', 'KGYX', 'KHDX', 'KHGX', 'KHNX', 'KHPX', 'KHTX', 'KICT', 'KICX', 'KILN', 'KILX', 'KIND', 'KINX', 'KIWA', 'KIWX', 'KJAX', 'KJGX', 'KJKL', 'KLBB', 'KLCH', 'KLGX', 'KLIX', 'KLNX', 'KLOT', 'KLRX', 'KLSX', 'KLTX', 'KLVX', 'KLWX', 'KLZK', 'KMAF', 'KMAX', 'KMBX', 'KMHX', 'KMKX', 'KMLB', 'KMOB', 'KMPX', 'KMQT', 'KMRX', 'KMSX', 'KMTX', 'KMUX', 'KMVX', 'KMXX', 'KNKX', 'KNQA', 'KOAX', 'KOHX', 'KOKX', 'KPAH', 'KPBZ', 'KPDT', 'KPOE', 'KPUX', 'KRAX', 'KRGX', 'KRIW', 'KRLX', 'KRTX', 'KSFX', 'KSGF', 'KSHV', 'KSJT', 'KSOX', 'KSRX', 'KTBW', 'KTFX', 'KTLH', 'KTLX', 'KTWX', 'KTYX', 'KUDX', 'KUEX', 'KVAX', 'KVBX', 'KVNX', 'KVTX', 'KVWX', 'KYUX', 'NOP4', 'PACG', 'PAEC', 'PAHG', 'PAIH', 'PAKC', 'PAPD', 'PHKI', 'PHKM', 'PHMO', 'PHWA', 'RKJK', 'RODN', 'ROP4', 'TADW', 'TATL', 'TBNA', 'TBOS', 'TBWI', 'TCLT', 'TCMH', 'TCVG', 'TDAL', 'TDAY', 'TDCA', 'TDEN', 'TDFW', 'TDTW', 'TEWR', 'TFLL', 'THOU', 'TIAD', 'TIAH', 'TICH', 'TIDS', 'TJFK', 'TJUA', 'TLAS', 'TLVE', 'TMCI', 'TMCO', 'TMDW', 'TMEM', 'TMIA', 'TMSP', 'TMSY', 'TOKC', 'TORD', 'TPBI', 'TPHL', 'TPHX', 'TPIT', 'TRDU', 'TSJU', 'TSLC', 'TSTL', 'TTPA', 'TTUL']"
2023,01,24,"['KABR', 'KABX', 'KAKQ', 'KAMA', 'KAMX', 'KAPX', 'KARX', 'KATX', 'KBBX', 'KBGM', 'KBHX', 'KBIS', 'KBLX', 'KBMX', 'KBOX', 'KBRO', 'KBUF', 'KBYX', 'KCAE', 'KCBW', 'KCBX', 'KCCX', 'KCLE', 'KCLX', 'KCRP', 'KCXX', 'KCYS', 'KDAX', 'KDDC', 'KDFX', 'KDGX', 'KDIX', 'KDLH', 'KDMX', 'KDOX', 'KDTX', 'KDVN', 'KDYX', 'KEAX', 'KEMX', 'KENX', 'KEOX', 'KEPZ', 'KESX', 'KEVX', 'KEWX', 'KEYX', 'KFCX', 'KFDR', 'KFDX', 'KFFC', 'KFSD', 'KFSX', 'KFTG', 'KFWS', 'KGGW', 'KGJX', 'KGLD', 'KGRB', 'KGRK', 'KGRR', 'KGWX', 'KGYX', 'KHDX', 'KHGX', 'KHNX', 'KHPX', 'KHTX', 'KICT', 'KICX', 'KILN', 'KILX', 'KIND', 'KINX', 'KIWA', 'KIWX', 'KJAX', 'KJGX', 'KJKL', 'KLBB', 'KLCH', 'KLGX', 'KLIX', 'KLNX', 'KLOT', 'KLRX', 'KLSX', 'KLTX', 'KLVX', 'KLWX', 'KLZK', 'KMAF', 'KMAX', 'KMBX', 'KMHX', 'KMKX', 'KMLB', 'KMOB', 'KMPX', 'KMQT', 'KMRX', 'KMSX', 'KMTX', 'KMUX', 'KMVX', 'KMXX', 'KNKX', 'KNQA', 'KOAX', 'KOHX', 'KOKX', 'KPAH', 'KPBZ', 'KPDT', 'KPOE', 'KPUX', 'KRAX', 'KRGX', 'KRIW', 'KRLX', 'KRTX', 'KSFX', 'KSGF', 'KSHV', 'KSJT', 'KSOX', 'KSRX', 'KTBW', 'KTFX', 'KTLH', 'KTLX', 'KTWX', 'KTYX', 'KUDX', 'KUEX', 'KVAX', 'KVBX', 'KVNX', 'KVTX', 'KVWX', 'KYUX', 'PABC', 'PACG', 'PAEC', 'PAHG', 'PAIH', 'PAKC', 'PAPD', 'PHKM', 'PHMO', 'PHWA', 'RKJK', 'RODN', 'ROP4', 'TADW', 'TATL', 'TBNA', 'TBOS', 'TBWI', 'TCLT', 'TCMH', 'TCVG', 'TDAL', 'TDAY', 'TDCA', 'TDEN', 'TDFW', 'TDTW', 'TEWR', 'TFLL', 'THOU', 'TIAD', 'TIAH', 'TICH', 'TIDS', 'TJFK', 'TJUA', 'TLAS', 'TLVE', 'TMCI', 'TMCO', 'TMDW', 'TMEM', 'TMIA', 'TMKE', 'TMSP', 'TMSY', 'TOKC', 'TORD', 'TPBI', 'TPHL', 'TPHX', 'TPIT', 'TRDU', 'TSJU', 'TSLC', 'TSTL', 'TTPA', 'TTUL']"
2023,01,25,"['KABR', 'KABX', 'KAKQ', 'KAMA', 'KAMX', 'KAPX', 'KARX', 'KATX', 'KBBX', 'KBGM', 'KBHX', 'KBIS', 'KBLX', 'KBMX', 'KBOX', 'KBRO', 'KBUF', 'KBYX', 'KCAE', 'KCBW', 'KCBX', 'KCCX', 'KCLE', 'KCLX', 'KCRP', 'KCXX', 'KCYS', 'KDAX', 'KDDC', 'KDFX', 'KDGX', 'KDIX', 'KDLH', 'KDMX', 'KDOX', 'KDTX', 'KDVN', 'KDYX', 'KEAX', 'KEMX', 'KENX', 'KEOX', 'KEPZ', 'KESX', 'KEVX', 'KEWX', 'KEYX', 'KFCX', 'KFDR', 'KFDX', 'KFFC', 'KFSD', 'KFSX', 'KFTG', 'KFWS', 'KGGW', 'KGJX', 'KGLD', 'KGRB', 'KGRK', 'KGRR', 'KGWX', 'KGYX', 'KHDX', 'KHGX', 'KHNX', 'KHPX', 'KHTX', 'KICT', 'KICX', 'KILN', 'KILX', 'KIND', 'KINX', 'KIWA', 'KIWX', 'KJAX', 'KJGX', 'KJKL', 'KLBB', 'KLCH', 'KLGX', 'KLIX', 'KLNX', 'KLOT', 'KLRX', 'KLSX', 'KLTX', 'KLVX', 'KLWX', 'KLZK', 'KMAF', 'KMAX', 'KMBX', 'KMHX', 'KMKX', 'KMLB', 'KMOB', 'KMPX', 'KMQT', 'KMRX', 'KMSX', 'KMTX', 'KMUX', 'KMVX', 'KMXX', 'KNKX', 'KNQA', 'KOAX', 'KOHX', 'KOKX', 'KPAH', 'KPBZ', 'KPDT', 'KPOE', 'KPUX', 'KRAX', 'KRGX', 'KRIW', 'KRLX', 'KRTX', 'KSFX', 'KSGF', 'KSHV', 'KSJT', 'KSOX', 'KSRX', 'KTBW', 'KTFX', 'KTLH', 'KTLX', 'KTWX', 'KTYX', 'KUDX', 'KUEX', 'KVAX', 'KVBX', 'KVNX', 'KVTX', 'KVWX', 'KYUX', 'PABC', 'PACG', 'PAEC', 'PAHG', 'PAIH', 'PAKC', 'PAPD', 'PHKI', 'PHKM', 'PHMO', 'PHWA', 'RKJK', 'RODN', 'ROP4', 'TADW', 'TATL', 'TBNA', 'TBOS', 'TBWI', 'TCLT', 'TCMH', 'TCVG', 'TDAL', 'TDAY', 'TDCA', 'TDEN', 'TDFW', 'TDTW', 'TEWR', 'TFLL', 'THOU', 'TIAD', 'TIAH', 'TICH', 'TIDS', 'TJFK', 'TJUA', 'TLAS', 'TLVE', 'TMCI', 'TMCO', 'TMDW', 'TMEM', 'TMIA', 'TMSP', 'TMSY', 'TOKC', 'TORD', 'TPBI', 'TPHL', 'TPHX', 'TPIT', 'TRDU', 'TSJU', 'TSLC', 'TSTL', 'TTPA', 'TTUL']"
2023,01,26,"['KABR', 'KABX', 'KAKQ', 'KAMA', 'KAMX', 'KAPX', 'KARX', 'KATX', 'KBBX', 'KBGM', 'KBHX', 'KBIS', 'KBLX', 'KBMX', 'KBOX', 'KBRO', 'KBUF', 'KBYX', 'KCAE', 'KCBW', 'KCBX', 'KCCX', 'KCLE', 'KCLX', 'KCRP', 'KCXX', 'KCYS', 'KDAX', 'KDDC', 'KDFX', 'KDGX', 'KDIX', 'KDLH', 'KDMX', 'KDOX', 'KDTX', 'KDVN', 'KDYX', 'KEAX', 'KEMX', 'KENX', 'KEOX', 'KEPZ', 'KESX', 'KEVX', 'KEWX', 'KEYX', 'KFCX', 'KFDR', 'KFDX', 'KFFC', 'KFSD', 'KFSX', 'KFTG', 'KFWS', 'KGGW', 'KGJX', 'KGLD', 'KGRB', 'KGRK', 'KGRR', 'KGWX', 'KGYX', 'KHDX', 'KHGX', 'KHNX', 'KHPX', 'KHTX', 'KICT', 'KICX', 'KILN', 'KILX', 'KIND', 'KINX', 'KIWA', 'KIWX', 'KJAX', 'KJGX', 'KJKL', 'KLBB', 'KLCH', 'KLGX', 'KLIX', 'KLNX', 'KLOT', 'KLRX', 'KLSX', 'KLTX', 'KLVX', 'KLWX', 'KLZK', 'KMAF', 'KMAX', 'KMBX', 'KMHX', 'KMKX', 'KMLB', 'KMPX', 'KMQT', 'KMRX', 'KMSX', 'KMTX', 'KMUX', 'KMVX', 'KMXX', 'KNKX', 'KNQA', 'KOAX', 'KOHX', 'KOKX', 'KOTX', 'KPAH', 'KPBZ', 'KPDT', 'KPOE', 'KPUX', 'KRAX', 'KRGX', 'KRIW', 'KRLX', 'KRTX', 'KSFX', 'KSGF', 'KSHV', 'KSJT', 'KSOX', 'KSRX', 'KTBW', 'KTFX', 'KTLH', 'KTLX', 'KTWX', 'KTYX', 'KUDX', 'KUEX', 'KVAX', 'KVBX', 'KVNX', 'KVTX', 'KVWX', 'KYUX', 'PABC', 'PACG', 'PAEC', 'PAHG', 'PAIH', 'PAKC', 'PAPD', 'PHKI', 'PHKM', 'PHMO', 'PHWA', 'RKJK', 'RODN', 'ROP4', 'TADW', 'TATL', 'TBNA', 'TBOS', 'TBWI', 'TCLT', 'TCMH', 'TCVG', 'TDAL', 'TDAY', 'TDCA', 'TDEN', 'TDFW', 'TDTW', 'TEWR', 'TFLL', 'THOU', 'TIAD', 'TIAH', 'TICH', 'TIDS', 'TJFK', 'TJUA', 'TLAS', 'TLVE', 'TMCI', 'TMCO', 'TMDW', 'TMEM', 'TMIA', 'TMSP', 'TMSY', 'TOKC', 'TORD', 'TPBI', 'TPHL', 'TPHX', 'TPIT', 'TRDU', 'TSDF', 'TSJU', 'TSLC', 'TSTL', 'TTPA', 'TTUL']"
2023,01,27,"['KABR', 'KABX', 'KAKQ', 'KAMA', 'KAMX', 'KAPX', 'KARX', 'KATX', 'KBBX', 'KBGM', 'KBHX', 'KBIS', 'KBLX', 'KBMX', 'KBOX', 'KBRO', 'KBUF', 'KBYX', 'KCAE', 'KCBW', 'KCBX', 'KCCX', 'KCLE', 'KCLX', 'KCRP', 'KCXX', 'KCYS', 'KDAX', 'KDDC', 'KDFX', 'KDGX', 'KDIX', 'KDLH', 'KDMX', 'KDOX', 'KDTX', 'KDVN', 'KDYX', 'KEAX', 'KEMX', 'KENX', 'KEOX', 'KEPZ', 'KESX', 'KEVX', 'KEWX', 'KEYX', 'KFCX', 'KFDR', 'KFDX', 'KFFC', 'KFSD', 'KFSX', 'KFTG', 'KFWS', 'KGGW', 'KGJX', 'KGLD', 'KGRB', 'KGRK', 'KGRR', 'KGWX', 'KGYX', 'KHDX', 'KHGX', 'KHNX', 'KHPX', 'KHTX', 'KICT', 'KICX', 'KILN', 'KILX', 'KIND', 'KINX', 'KIWA', 'KIWX', 'KJAX', 'KJGX', 'KJKL', 'KLBB', 'KLCH', 'KLGX', 'KLIX', 'KLNX', 'KLOT', 'KLRX', 'KLSX', 'KLTX', 'KLVX', 'KLWX', 'KLZK', 'KMAF', 'KMAX', 'KMBX', 'KMHX', 'KMKX', 'KMLB', 'KMPX', 'KMQT', 'KMRX', 'KMSX', 'KMTX', 'KMUX', 'KMVX', 'KMXX', 'KNKX', 'KNQA', 'KOAX', 'KOHX', 'KOKX', 'KOTX', 'KPAH', 'KPBZ', 'KPDT', 'KPOE', 'KPUX', 'KRAX', 'KRGX', 'KRIW', 'KRLX', 'KRTX', 'KSFX', 'KSGF', 'KSHV', 'KSJT', 'KSOX', 'KSRX', 'KTBW', 'KTFX', 'KTLH', 'KTLX', 'KTWX', 'KTYX', 'KUDX', 'KUEX', 'KVAX', 'KVBX', 'KVNX', 'KVTX', 'KVWX', 'KYUX', 'PABC', 'PACG', 'PAEC', 'PAHG', 'PAIH', 'PAKC', 'PAPD', 'PGUA', 'PHKI', 'PHKM', 'PHMO', 'PHWA', 'RKJK', 'RODN', 'ROP4', 'TADW', 'TATL', 'TBNA', 'TBOS', 'TBWI', 'TCLT', 'TCMH', 'TCVG', 'TDAL', 'TDAY', 'TDCA', 'TDEN', 'TDFW', 'TDTW', 'TEWR', 'TFLL', 'THOU', 'TIAD', 'TIAH', 'TICH', 'TIDS', 'TJFK', 'TJUA', 'TLAS', 'TLVE', 'TMCI', 'TMCO', 'TMDW', 'TMEM', 'TMIA', 'TMSP', 'TMSY', 'TOKC', 'TORD', 'TPBI', 'TPHL', 'TPHX', 'TPIT', 'TRDU', 'TSDF', 'TSJU', 'TSLC', 'TSTL', 'TTPA', 'TTUL']"
2023,01,28,"['KABR', 'KABX', 'KAKQ', 'KAMA', 'KAMX', 'KAPX', 'KARX', 'KATX', 'KBBX', 'KBGM', 'KBHX', 'KBIS', 'KBLX', 'KBMX', 'KBOX', 'KBRO', 'KBUF', 'KBYX', 'KCAE', 'KCBW', 'KCBX', 'KCCX', 'KCLE', 'KCLX', 'KCRP', 'KCXX', 'KCYS', 'KDAX', 'KDDC', 'KDFX', 'KDGX', 'KDIX', 'KDLH', 'KDMX', 'KDOX', 'KDTX', 'KDVN', 'KDYX', 'KEAX', 'KEMX', 'KENX', 'KEOX', 'KEPZ', 'KESX', 'KEVX', 'KEWX', 'KEYX', 'KFCX', 'KFDR', 'KFDX', 'KFFC', 'KFSD', 'KFSX', 'KFTG', 'KFWS', 'KGGW', 'KGJX', 'KGLD', 'KGRB', 'KGRK', 'KGRR', 'KGWX', 'KGYX', 'KHDX', 'KHGX', 'KHNX', 'KHPX', 'KHTX', 'KICT', 'KICX', 'KILN', 'KILX', 'KIND', 'KINX', 'KIWA', 'KIWX', 'KJAX', 'KJGX', 'KJKL', 'KLBB', 'KLCH', 'KLIX', 'KLNX', 'KLOT', 'KLRX', 'KLSX', 'KLTX', 'KLVX', 'KLWX', 'KLZK', 'KMAF', 'KMAX', 'KMBX', 'KMHX', 'KMKX', 'KMLB', 'KMPX', 'KMQT', 'KMRX', 'KMSX', 'KMTX', 'KMUX', 'KMVX', 'KMXX', 'KNKX', 'KNQA', 'KOAX', 'KOHX', 'KOKX', 'KOTX', 'KPAH', 'KPBZ', 'KPDT', 'KPOE', 'KPUX', 'KRAX', 'KRGX', 'KRIW', 'KRLX', 'KRTX', 'KSFX', 'KSGF', 'KSHV', 'KSJT', 'KSOX', 'KSRX', 'KTBW', 'KTFX', 'KTLH', 'KTLX', 'KTWX', 'KTYX', 'KUDX', 'KUEX', 'KVAX', 'KVBX', 'KVNX', 'KVTX', 'KVWX', 'KYUX', 'PABC', 'PACG', 'PAEC', 'PAHG', 'PAIH', 'PAKC', 'PAPD', 'PGUA', 'PHKI', 'PHKM', 'PHMO', 'PHWA', 'RKJK', 'RODN', 'ROP4', 'TADW', 'TATL', 'TBNA', 'TBOS', 'TBWI', 'TCLT', 'TCMH', 'TCVG', 'TDAL', 'TDAY', 'TDCA', 'TDEN', 'TDFW', 'TDTW', 'TEWR', 'TFLL', 'THOU', 'TIAD', 'TIAH', 'TICH', 'TIDS', 'TJFK', 'TJUA', 'TLAS', 'TLVE', 'TMCI', 'TMCO', 'TMDW', 'TMEM', 'TMIA', 'TMSP', 'TMSY', 'TOKC', 'TORD', 'TPBI', 'TPHL', 'TPHX', 'TPIT', 'TRDU', 'TSDF', 'TSJU', 'TSLC', 'TSTL', 'TTPA', 'TTUL']"
2023,01,29,"['KABR', 'KABX', 'KAKQ', 'KAMA', 'KAMX', 'KAPX', 'KARX', 'KATX', 'KBBX', 'KBGM', 'KBHX', 'KBIS', 'KBLX', 'KBMX', 'KBOX', 'KBRO', 'KBUF', 'KBYX', 'KCAE', 'KCBW', 'KCBX', 'KCCX', 'KCLE', 'KCLX', 'KCRP', 'KCXX', 'KCYS', 'KDAX', 'KDDC', 'KDFX', 'KDGX', 'KDIX', 'KDLH', 'KDMX', 'KDOX', 'KDTX', 'KDVN', 'KDYX', 'KEAX', 'KEMX', 'KENX', 'KEOX', 'KEPZ', 'KESX', 'KEVX', 'KEWX', 'KEYX', 'KFCX', 'KFDR', 'KFDX', 'KFFC', 'KFSD', 'KFSX', 'KFTG', 'KFWS', 'KGGW', 'KGJX', 'KGLD', 'KGRB', 'KGRK', 'KGRR', 'KGWX', 'KGYX', 'KHDX', 'KHGX', 'KHNX', 'KHPX', 'KHTX', 'KICT', 'KICX', 'KILN', 'KILX', 'KIND', 'KINX', 'KIWA', 'KIWX', 'KJAX', 'KJGX', 'KJKL', 'KLBB', 'KLCH', 'KLIX', 'KLNX', 'KLOT', 'KLRX', 'KLSX', 'KLTX', 'KLVX', 'KLWX', 'KLZK', 'KMAF', 'KMAX', 'KMBX', 'KMHX', 'KMKX', 'KMLB', 'KMPX', 'KMQT', 'KMRX', 'KMSX', 'KMTX', 'KMUX', 'KMVX', 'KMXX', 'KNKX', 'KNQA', 'KOAX', 'KOHX', 'KOKX', 'KOTX', 'KPAH', 'KPBZ', 'KPDT', 'KPOE', 'KPUX', 'KRAX', 'KRGX', 'KRIW', 'KRLX', 'KRTX', 'KSFX', 'KSGF', 'KSHV', 'KSJT', 'KSOX', 'KSRX', 'KTBW', 'KTFX', 'KTLH', 'KTLX', 'KTWX', 'KTYX', 'KUDX', 'KUEX', 'KVAX', 'KVBX', 'KVNX', 'KVTX', 'KVWX', 'KYUX', 'PABC', 'PACG', 'PAEC', 'PAHG', 'PAIH', 'PAKC', 'PAPD', 'PGUA', 'PHKI', 'PHKM', 'PHMO', 'PHWA', 'RKJK', 'RODN', 'ROP4', 'TADW', 'TATL', 'TBNA', 'TBOS', 'TBWI', 'TCLT', 'TCMH', 'TCVG', 'TDAL', 'TDAY', 'TDCA', 'TDEN', 'TDFW', 'TDTW', 'TEWR', 'TFLL', 'THOU', 'TIAD', 'TIAH', 'TICH', 'TIDS', 'TJFK', 'TJUA', 'TLAS', 'TLVE', 'TMCI', 'TMCO', 'TMDW', 'TMEM', 'TMIA', 'TMSP', 'TMSY', 'TOKC', 'TORD', 'TPBI', 'TPHL', 'TPHX', 'TPIT', 'TRDU', 'TSDF', 'TSJU', 'TSLC', 'TSTL', 'TTUL']"
2023,01,30,"['DOP1', 'KABR', 'KABX', 'KAKQ', 'KAMA', 'KAMX', 'KAPX', 'KARX', 'KATX', 'KBBX', 'KBGM', 'KBHX', 'KBIS', 'KBLX', 'KBMX', 'KBOX', 'KBRO', 'KBUF', 'KBYX', 'KCAE', 'KCBW', 'KCBX', 'KCCX', 'KCLE', 'KCLX', 'KCRP', 'KCXX', 'KCYS', 'KDAX', 'KDDC', 'KDFX', 'KDGX', 'KDIX', 'KDLH', 'KDMX', 'KDOX', 'KDTX', 'KDVN', 'KDYX', 'KEAX', 'KEMX', 'KENX', 'KEOX', 'KEPZ', 'KESX', 'KEVX', 'KEWX', 'KEYX', 'KFCX', 'KFDR', 'KFDX', 'KFFC', 'KFSD', 'KFSX', 'KFTG', 'KFWS', 'KGGW', 'KGJX', 'KGLD', 'KGRB', 'KGRK', 'KGRR', 'KGWX', 'KGYX', 'KHDX', 'KHGX', 'KHNX', 'KHPX', 'KHTX', 'KICT', 'KICX', 'KILN', 'KILX', 'KIND', 'KINX', 'KIWA', 'KIWX', 'KJAX', 'KJGX', 'KJKL', 'KLBB', 'KLCH', 'KLIX', 'KLNX', 'KLOT', 'KLRX', 'KLSX', 'KLTX', 'KLVX', 'KLWX', 'KLZK', 'KMAF', 'KMAX', 'KMBX', 'KMHX', 'KMKX', 'KMLB', 'KMPX', 'KMQT', 'KMRX', 'KMSX', 'KMTX', 'KMUX', 'KMVX', 'KMXX', 'KNKX', 'KNQA', 'KOAX', 'KOHX', 'KOKX', 'KOTX', 'KPAH', 'KPBZ', 'KPDT', 'KPOE', 'KPUX', 'KRAX', 'KRGX', 'KRIW', 'KRLX', 'KRTX', 'KSFX', 'KSGF', 'KSHV', 'KSJT', 'KSOX', 'KSRX', 'KTBW', 'KTFX', 'KTLH', 'KTLX', 'KTWX', 'KTYX', 'KUDX', 'KUEX', 'KVAX', 'KVBX', 'KVNX', 'KVTX', 'KVWX', 'KYUX', 'PABC', 'PACG', 'PAEC', 'PAHG', 'PAIH', 'PAKC', 'PAPD', 'PGUA', 'PHKI', 'PHKM', 'PHMO', 'PHWA', 'RKJK', 'RKSG', 'RODN', 'ROP4', 'TADW', 'TATL', 'TBNA', 'TBOS', 'TBWI', 'TCLT', 'TCMH', 'TCVG', 'TDAL', 'TDAY', 'TDCA', 'TDEN', 'TDFW', 'TDTW', 'TEWR', 'TFLL', 'THOU', 'TIAD', 'TIAH', 'TICH', 'TIDS', 'TJFK', 'TJUA', 'TLAS', 'TLVE', 'TMCI', 'TMCO', 'TMDW', 'TMEM', 'TMIA', 'TMSP', 'TMSY', 'TOKC', 'TORD', 'TPBI', 'TPHL', 'TPHX', 'TPIT', 'TRDU', 'TSDF', 'TSJU', 'TSLC', 'TSTL', 'TTPA', 'TTUL']"
2023,01,31,"['DOP1', 'KABR', 'KABX', 'KAKQ', 'KAMA', 'KAMX', 'KAPX', 'KARX', 'KATX', 'KBBX', 'KBGM', 'KBHX', 'KBIS', 'KBLX', 'KBMX', 'KBOX', 'KBRO', 'KBUF', 'KBYX', 'KCAE', 'KCBW', 'KCBX', 'KCCX', 'KCLE', 'KCLX', 'KCRP', 'KCXX', 'KCYS', 'KDAX', 'KDDC', 'KDFX', 'KDGX', 'KDIX', 'KDLH', 'KDMX', 'KDOX', 'KDTX', 'KDVN', 'KDYX', 'KEAX', 'KEMX', 'KENX', 'KEOX', 'KEPZ', 'KESX', 'KEVX', 'KEWX', 'KEYX', 'KFCX', 'KFDR', 'KFDX', 'KFFC', 'KFSD', 'KFSX', 'KFTG', 'KFWS', 'KGGW', 'KGJX', 'KGLD', 'KGRB', 'KGRK', 'KGRR', 'KGWX', 'KGYX', 'KHDX', 'KHGX', 'KHNX', 'KHPX', 'KHTX', 'KICT', 'KICX', 'KILN', 'KILX', 'KIND', 'KINX', 'KIWA', 'KIWX', 'KJAX', 'KJGX', 'KJKL', 'KLBB', 'KLCH', 'KLIX', 'KLNX', 'KLOT', 'KLRX', 'KLSX', 'KLTX', 'KLVX', 'KLWX', 'KLZK', 'KMAF', 'KMAX', 'KMBX', 'KMHX', 'KMKX', 'KMLB', 'KMPX', 'KMQT', 'KMRX', 'KMSX', 'KMTX', 'KMUX', 'KMVX', 'KMXX', 'KNKX', 'KNQA', 'KOAX', 'KOHX', 'KOKX', 'KOTX', 'KPAH', 'KPBZ', 'KPDT', 'KPOE', 'KPUX', 'KRAX', 'KRGX', 'KRIW', 'KRLX', 'KRTX', 'KSFX', 'KSGF', 'KSHV', 'KSJT', 'KSOX', 'KSRX', 'KTBW', 'KTFX', 'KTLH', 'KTLX', 'KTWX', 'KTYX', 'KUDX', 'KUEX', 'KVAX', 'KVBX', 'KVNX', 'KVTX', 'KVWX', 'KYUX', 'PABC', 'PACG', 'PAEC', 'PAHG', 'PAIH', 'PAPD', 'PGUA', 'PHKI', 'PHKM', 'PHMO', 'PHWA', 'RKJK', 'RKSG', 'RODN', 'TADW', 'TATL', 'TBNA', 'TBOS', 'TBWI', 'TCLT', 'TCMH', 'TCVG', 'TDAL', 'TDAY', 'TDCA', 'TDEN', 'TDFW', 'TDTW', 'TEWR', 'TFLL', 'THOU', 'TIAD', 'TIAH', 'TICH', 'TIDS', 'TJFK', 'TJUA', 'TLAS', 'TLVE', 'TMCI', 'TMCO', 'TMDW', 'TMEM', 'TMIA', 'TMSP', 'TMSY', 'TOKC', 'TORD', 'TPBI', 'TPHL', 'TPHX', 'TPIT', 'TSDF', 'TSJU', 'TSLC', 'TSTL', 'TTPA', 'TTUL']"
2023,02,01,"['DOP1', 'KABR', 'KABX', 'KAKQ', 'KAMA', 'KAMX', 'KAPX', 'KARX', 'KATX', 'KBBX', 'KBGM', 'KBHX', 'KBIS', 'KBLX', 'KBMX', 'KBOX', 'KBRO', 'KBUF', 'KBYX', 'KCAE', 'KCBW', 'KCBX', 'KCCX', 'KCLE', 'KCLX', 'KCRP', 'KCXX', 'KCYS', 'KDAX', 'KDDC', 'KDFX', 'KDGX', 'KDIX', 'KDLH', 'KDMX', 'KDOX', 'KDTX', 'KDVN', 'KDYX', 'KEAX', 'KEMX', 'KENX', 'KEOX', 'KEPZ', 'KESX', 'KEVX', 'KEWX', 'KEYX', 'KFCX', 'KFDR', 'KFDX', 'KFFC', 'KFSD', 'KFSX', 'KFTG', 'KFWS', 'KGGW', 'KGJX', 'KGLD', 'KGRB', 'KGRK', 'KGRR', 'KGWX', 'KGYX', 'KHDX', 'KHGX', 'KHNX', 'KHPX', 'KHTX', 'KICT', 'KICX', 'KILN', 'KILX', 'KIND', 'KINX', 'KIWA', 'KIWX', 'KJAX', 'KJGX', 'KJKL', 'KLBB', 'KLCH', 'KLIX', 'KLNX', 'KLOT', 'KLRX', 'KLSX', 'KLTX', 'KLVX', 'KLWX', 'KLZK', 'KMAF', 'KMAX', 'KMBX', 'KMHX', 'KMKX', 'KMLB', 'KMOB', 'KMPX', 'KMQT', 'KMRX', 'KMSX', 'KMTX', 'KMUX', 'KMVX', 'KMXX', 'KNKX', 'KNQA', 'KOAX', 'KOHX', 'KOKX', 'KOTX', 'KPAH', 'KPBZ', 'KPDT', 'KPOE', 'KPUX', 'KRAX', 'KRGX', 'KRIW', 'KRLX', 'KRTX', 'KSFX', 'KSGF', 'KSHV', 'KSJT', 'KSOX', 'KSRX', 'KTBW', 'KTFX', 'KTLH', 'KTLX', 'KTWX', 'KTYX', 'KUDX', 'KUEX', 'KVAX', 'KVBX', 'KVNX', 'KVTX', 'KVWX', 'KYUX', 'PABC', 'PACG', 'PAEC', 'PAHG', 'PAIH', 'PAPD', 'PGUA', 'PHKI', 'PHKM', 'PHMO', 'PHWA', 'RKJK', 'RKSG', 'RODN', 'TADW', 'TATL', 'TBNA', 'TBOS', 'TBWI', 'TCLT', 'TCMH', 'TCVG', 'TDAL', 'TDAY', 'TDCA', 'TDEN', 'TDFW', 'TDTW', 'TEWR', 'TFLL', 'THOU', 'TIAD', 'TIAH', 'TICH', 'TIDS', 'TJFK', 'TJUA', 'TLAS', 'TLVE', 'TMCI', 'TMCO', 'TMDW', 'TMEM', 'TMIA', 'TMSP', 'TMSY', 'TOKC', 'TORD', 'TPBI', 'TPHL', 'TPHX', 'TPIT', 'TSDF', 'TSJU', 'TSLC', 'TSTL', 'TTPA', 'TTUL']"
2023,02,02,"['DOP1', 'KABR', 'KABX', 'KAKQ', 'KAMA', 'KAMX', 'KAPX', 'KARX', 'KATX', 'KBBX', 'KBGM', 'KBHX', 'KBIS', 'KBLX', 'KBMX', 'KBOX', 'KBRO', 'KBUF', 'KBYX', 'KCAE', 'KCBW', 'KCBX', 'KCCX', 'KCLE', 'KCLX', 'KCRP', 'KCXX', 'KCYS', 'KDAX', 'KDDC', 'KDFX', 'KDGX', 'KDIX', 'KDLH', 'KDMX', 'KDOX', 'KDTX', 'KDVN', 'KDYX', 'KEAX', 'KEMX', 'KENX', 'KEOX', 'KEPZ', 'KESX', 'KEVX', 'KEWX', 'KEYX', 'KFCX', 'KFDR', 'KFDX', 'KFFC', 'KFSD', 'KFSX', 'KFTG', 'KFWS', 'KGGW', 'KGJX', 'KGLD', 'KGRB', 'KGRK', 'KGRR', 'KGSP', 'KGWX', 'KGYX', 'KHDX', 'KHGX', 'KHNX', 'KHPX', 'KHTX', 'KICT', 'KICX', 'KILN', 'KILX', 'KIND', 'KINX', 'KIWA', 'KIWX', 'KJAX', 'KJGX', 'KJKL', 'KLBB', 'KLCH', 'KLGX', 'KLIX', 'KLNX', 'KLOT', 'KLRX', 'KLSX', 'KLTX', 'KLVX', 'KLWX', 'KLZK', 'KMAF', 'KMAX', 'KMBX', 'KMHX', 'KMKX', 'KMLB', 'KMOB', 'KMPX', 'KMQT', 'KMRX', 'KMSX', 'KMTX', 'KMUX', 'KMVX', 'KMXX', 'KNKX', 'KNQA', 'KOAX', 'KOHX', 'KOKX', 'KOTX', 'KPAH', 'KPBZ', 'KPDT', 'KPOE', 'KPUX', 'KRAX', 'KRGX', 'KRIW', 'KRLX', 'KRTX', 'KSFX', 'KSGF', 'KSHV', 'KSJT', 'KSOX', 'KSRX', 'KTBW', 'KTFX', 'KTLH', 'KTLX', 'KTWX', 'KTYX', 'KUDX', 'KUEX', 'KVAX', 'KVBX', 'KVNX', 'KVTX', 'KVWX', 'KYUX', 'PABC', 'PACG', 'PAEC', 'PAHG', 'PAIH', 'PAPD', 'PGUA', 'PHKI', 'PHKM', 'PHMO', 'PHWA', 'RKJK', 'RODN', 'TADW', 'TATL', 'TBNA', 'TBOS', 'TBWI', 'TCLT', 'TCMH', 'TCVG', 'TDAL', 'TDAY', 'TDCA', 'TDEN', 'TDFW', 'TDTW', 'TEWR', 'TFLL', 'THOU', 'TIAD', 'TIAH', 'TICH', 'TIDS', 'TJFK', 'TJUA', 'TLAS', 'TLVE', 'TMCI', 'TMCO', 'TMDW', 'TMEM', 'TMIA', 'TMSP', 'TMSY', 'TOKC', 'TORD', 'TPBI', 'TPHL', 'TPHX', 'TPIT', 'TRDU', 'TSDF', 'TSJU', 'TSLC', 'TSTL', 'TTPA', 'TTUL']"
2023,02,03,"['DOP1', 'KABR', 'KABX', 'KAKQ', 'KAMA', 'KAMX', 'KAPX', 'KARX', 'KATX', 'KBBX', 'KBGM', 'KBHX', 'KBIS', 'KBLX', 'KBMX', 'KBOX', 'KBRO', 'KBUF', 'KBYX', 'KCAE', 'KCBW', 'KCBX', 'KCCX', 'KCLE', 'KCLX', 'KCRP', 'KCXX', 'KCYS', 'KDAX', 'KDDC', 'KDFX', 'KDGX', 'KDIX', 'KDLH', 'KDMX', 'KDOX', 'KDTX', 'KDVN', 'KDYX', 'KEAX', 'KEMX', 'KENX', 'KEOX', 'KEPZ', 'KESX', 'KEVX', 'KEWX', 'KEYX', 'KFCX', 'KFDR', 'KFDX', 'KFFC', 'KFSD', 'KFSX', 'KFTG', 'KFWS', 'KGGW', 'KGJX', 'KGLD', 'KGRB', 'KGRK', 'KGRR', 'KGSP', 'KGWX', 'KGYX', 'KHDX', 'KHGX', 'KHNX', 'KHPX', 'KHTX', 'KICT', 'KICX', 'KILN', 'KILX', 'KIND', 'KINX', 'KIWA', 'KIWX', 'KJAX', 'KJGX', 'KJKL', 'KLBB', 'KLCH', 'KLGX', 'KLIX', 'KLNX', 'KLOT', 'KLRX', 'KLSX', 'KLTX', 'KLVX', 'KLWX', 'KLZK', 'KMAF', 'KMAX', 'KMBX', 'KMHX', 'KMKX', 'KMLB', 'KMOB', 'KMPX', 'KMQT', 'KMRX', 'KMSX', 'KMTX', 'KMUX', 'KMVX', 'KMXX', 'KNKX', 'KNQA', 'KOAX', 'KOHX', 'KOKX', 'KOTX', 'KPAH', 'KPBZ', 'KPDT', 'KPOE', 'KPUX', 'KRAX', 'KRGX', 'KRIW', 'KRLX', 'KRTX', 'KSFX', 'KSGF', 'KSHV', 'KSJT', 'KSOX', 'KSRX', 'KTBW', 'KTFX', 'KTLH', 'KTLX', 'KTWX', 'KTYX', 'KUDX', 'KUEX', 'KVAX', 'KVBX', 'KVNX', 'KVTX', 'KVWX', 'KYUX', 'PABC', 'PACG', 'PAEC', 'PAHG', 'PAIH', 'PAPD', 'PGUA', 'PHKI', 'PHKM', 'PHMO', 'PHWA', 'RKJK', 'RODN', 'TADW', 'TATL', 'TBNA', 'TBOS', 'TBWI', 'TCLT', 'TCMH', 'TCVG', 'TDAL', 'TDAY', 'TDCA', 'TDEN', 'TDFW', 'TDTW', 'TEWR', 'TFLL', 'THOU', 'TIAD', 'TIAH', 'TICH', 'TIDS', 'TJFK', 'TJUA', 'TLAS', 'TLVE', 'TMCI', 'TMCO', 'TMDW', 'TMEM', 'TMIA', 'TMKE', 'TMSP', 'TMSY', 'TOKC', 'TORD', 'TPBI', 'TPHL', 'TPHX', 'TPIT', 'TRDU', 'TSDF', 'TSJU', 'TSLC', 'TSTL', 'TTPA', 'TTUL']"
2023,02,04,"['DOP1', 'KABR', 'KABX', 'KAKQ', 'KAMA', 'KAMX', 'KAPX', 'KARX', 'KATX', 'KBBX', 'KBGM', 'KBHX', 'KBIS', 'KBLX', 'KBMX', 'KBOX', 'KBRO', 'KBUF', 'KBYX', 'KCAE', 'KCBW', 'KCBX', 'KCCX', 'KCLE', 'KCLX', 'KCRP', 'KCXX', 'KCYS', 'KDAX', 'KDDC', 'KDFX', 'KDGX', 'KDIX', 'KDLH', 'KDMX', 'KDOX', 'KDTX', 'KDVN', 'KDYX', 'KEAX', 'KEMX', 'KENX', 'KEOX', 'KEPZ', 'KESX', 'KEVX', 'KEYX', 'KFCX', 'KFDR', 'KFDX', 'KFFC', 'KFSD', 'KFSX', 'KFTG', 'KFWS', 'KGGW', 'KGJX', 'KGLD', 'KGRB', 'KGRK', 'KGRR', 'KGSP', 'KGWX', 'KGYX', 'KHDX', 'KHGX', 'KHNX', 'KHPX', 'KHTX', 'KICT', 'KICX', 'KILN', 'KILX', 'KIND', 'KINX', 'KIWA', 'KIWX', 'KJAX', 'KJKL', 'KLBB', 'KLCH', 'KLGX', 'KLIX', 'KLNX', 'KLOT', 'KLRX', 'KLSX', 'KLTX', 'KLVX', 'KLWX', 'KLZK', 'KMAF', 'KMAX', 'KMBX', 'KMHX', 'KMKX', 'KMLB', 'KMOB', 'KMPX', 'KMQT', 'KMRX', 'KMSX', 'KMTX', 'KMUX', 'KMVX', 'KMXX', 'KNKX', 'KNQA', 'KOAX', 'KOHX', 'KOKX', 'KOTX', 'KPAH', 'KPBZ', 'KPDT', 'KPOE', 'KPUX', 'KRAX', 'KRGX', 'KRIW', 'KRLX', 'KRTX', 'KSFX', 'KSGF', 'KSHV', 'KSJT', 'KSOX', 'KSRX', 'KTBW', 'KTFX', 'KTLH', 'KTLX', 'KTWX', 'KTYX', 'KUDX', 'KUEX', 'KVAX', 'KVBX', 'KVNX', 'KVTX', 'KVWX', 'KYUX', 'PABC', 'PACG', 'PAEC', 'PAHG', 'PAIH', 'PAPD', 'PGUA', 'PHKI', 'PHKM', 'PHMO', 'PHWA', 'RKJK', 'RODN', 'TADW', 'TATL', 'TBNA', 'TBOS', 'TBWI', 'TCLT', 'TCMH', 'TCVG', 'TDAL', 'TDAY', 'TDCA', 'TDEN', 'TDFW', 'TDTW', 'TEWR', 'TFLL', 'THOU', 'TIAD', 'TIAH', 'TICH', 'TIDS', 'TJFK', 'TJUA', 'TLAS', 'TLVE', 'TMCI', 'TMCO', 'TMDW', 'TMEM', 'TMIA', 'TMKE', 'TMSP', 'TMSY', 'TOKC', 'TORD', 'TPBI', 'TPHL', 'TPHX', 'TPIT', 'TRDU', 'TSDF', 'TSJU', 'TSLC', 'TSTL', 'TTPA', 'TTUL']"
2023,02,05,"['DOP1', 'KABR', 'KABX', 'KAKQ', 'KAMA', 'KAMX', 'KAPX', 'KARX', 'KATX', 'KBBX', 'KBGM', 'KBHX', 'KBIS', 'KBLX', 'KBMX', 'KBOX', 'KBRO', 'KBUF', 'KBYX', 'KCAE', 'KCBW', 'KCBX', 'KCCX', 'KCLE', 'KCLX', 'KCRP', 'KCXX', 'KCYS', 'KDAX', 'KDDC', 'KDFX', 'KDGX', 'KDIX', 'KDLH', 'KDMX', 'KDOX', 'KDTX', 'KDVN', 'KDYX', 'KEAX', 'KEMX', 'KENX', 'KEOX', 'KEPZ', 'KESX', 'KEVX', 'KEYX', 'KFCX', 'KFDR', 'KFDX', 'KFFC', 'KFSD', 'KFSX', 'KFTG', 'KFWS', 'KGGW', 'KGJX', 'KGLD', 'KGRB', 'KGRK', 'KGRR', 'KGSP', 'KGWX', 'KGYX', 'KHDX', 'KHGX', 'KHNX', 'KHPX', 'KHTX', 'KICT', 'KICX', 'KILN', 'KILX', 'KIND', 'KINX', 'KIWA', 'KIWX', 'KJAX', 'KJKL', 'KLBB', 'KLCH', 'KLGX', 'KLIX', 'KLNX', 'KLOT', 'KLRX', 'KLSX', 'KLTX', 'KLVX', 'KLWX', 'KLZK', 'KMAF', 'KMAX', 'KMBX', 'KMHX', 'KMKX', 'KMLB', 'KMOB', 'KMPX', 'KMQT', 'KMRX', 'KMSX', 'KMTX', 'KMUX', 'KMVX', 'KMXX', 'KNKX', 'KNQA', 'KOAX', 'KOHX', 'KOKX', 'KOTX', 'KPAH', 'KPBZ', 'KPDT', 'KPOE', 'KPUX', 'KRAX', 'KRGX', 'KRIW', 'KRLX', 'KRTX', 'KSFX', 'KSGF', 'KSHV', 'KSJT', 'KSOX', 'KSRX', 'KTBW', 'KTFX', 'KTLH', 'KTLX', 'KTWX', 'KTYX', 'KUDX', 'KUEX', 'KVAX', 'KVBX', 'KVNX', 'KVTX', 'KVWX', 'KYUX', 'PABC', 'PACG', 'PAEC', 'PAHG', 'PAIH', 'PAPD', 'PGUA', 'PHKI', 'PHKM', 'PHMO', 'PHWA', 'RKJK', 'RODN', 'TADW', 'TATL', 'TBNA', 'TBOS', 'TBWI', 'TCLT', 'TCMH', 'TCVG', 'TDAL', 'TDAY', 'TDCA', 'TDEN', 'TDFW', 'TDTW', 'TEWR', 'TFLL', 'THOU', 'TIAD', 'TIAH', 'TICH', 'TIDS', 'TJFK', 'TJUA', 'TLAS', 'TLVE', 'TMCI', 'TMCO', 'TMDW', 'TMEM', 'TMIA', 'TMKE', 'TMSP', 'TMSY', 'TOKC', 'TORD', 'TPBI', 'TPHL', 'TPHX', 'TPIT', 'TRDU', 'TSDF', 'TSJU', 'TSLC', 'TSTL', 'TTPA', 'TTUL']"
2023,02,06,"['DOP1', 'KABR', 'KABX', 'KAKQ', 'KAMA', 'KAMX', 'KAPX', 'KARX', 'KATX', 'KBBX', 'KBGM', 'KBHX', 'KBIS', 'KBLX', 'KBMX', 'KBOX', 'KBRO', 'KBUF', 'KBYX', 'KCAE', 'KCBW', 'KCBX', 'KCCX', 'KCLE', 'KCLX', 'KCRP', 'KCXX', 'KCYS', 'KDAX', 'KDDC', 'KDFX', 'KDGX', 'KDIX', 'KDLH', 'KDMX', 'KDOX', 'KDTX', 'KDVN', 'KDYX', 'KEAX', 'KEMX', 'KENX', 'KEOX', 'KEPZ', 'KESX', 'KEVX', 'KEWX', 'KEYX', 'KFCX', 'KFDR', 'KFDX', 'KFFC', 'KFSD', 'KFSX', 'KFTG', 'KFWS', 'KGGW', 'KGJX', 'KGLD', 'KGRB', 'KGRK', 'KGRR', 'KGSP', 'KGWX', 'KGYX', 'KHDX', 'KHGX', 'KHNX', 'KHPX', 'KHTX', 'KICT', 'KICX', 'KILN', 'KILX', 'KIND', 'KINX', 'KIWA', 'KIWX', 'KJAX', 'KJKL', 'KLBB', 'KLCH', 'KLGX', 'KLIX', 'KLNX', 'KLOT', 'KLRX', 'KLSX', 'KLTX', 'KLVX', 'KLWX', 'KLZK', 'KMAF', 'KMAX', 'KMBX', 'KMHX', 'KMKX', 'KMLB', 'KMOB', 'KMPX', 'KMQT', 'KMRX', 'KMSX', 'KMTX', 'KMUX', 'KMVX', 'KMXX', 'KNKX', 'KNQA', 'KOAX', 'KOHX', 'KOKX', 'KOTX', 'KPAH', 'KPBZ', 'KPDT', 'KPOE', 'KPUX', 'KRAX', 'KRGX', 'KRIW', 'KRLX', 'KRTX', 'KSFX', 'KSGF', 'KSHV', 'KSJT', 'KSOX', 'KSRX', 'KTBW', 'KTFX', 'KTLH', 'KTLX', 'KTWX', 'KTYX', 'KUDX', 'KUEX', 'KVAX', 'KVBX', 'KVNX', 'KVTX', 'KVWX', 'KYUX', 'NOP4', 'PABC', 'PACG', 'PAEC', 'PAHG', 'PAIH', 'PAPD', 'PGUA', 'PHKI', 'PHKM', 'PHMO', 'PHWA', 'RKJK', 'RODN', 'TADW', 'TATL', 'TBNA', 'TBOS', 'TBWI', 'TCLT', 'TCMH', 'TCVG', 'TDAL', 'TDAY', 'TDCA', 'TDEN', 'TDFW', 'TDTW', 'TEWR', 'TFLL', 'THOU', 'TIAD', 'TIAH', 'TICH', 'TIDS', 'TJFK', 'TJUA', 'TLAS', 'TLVE', 'TMCI', 'TMCO', 'TMDW', 'TMEM', 'TMIA', 'TMKE', 'TMSP', 'TMSY', 'TOKC', 'TORD', 'TPBI', 'TPHL', 'TPHX', 'TPIT', 'TRDU', 'TSDF', 'TSJU', 'TSLC', 'TSTL', 'TTPA', 'TTUL']"
2023,02,07,"['KABR', 'KABX', 'KAKQ', 'KAMA', 'KAMX', 'KAPX', 'KARX', 'KATX', 'KBBX', 'KBGM', 'KBHX', 'KBIS', 'KBLX', 'KBMX', 'KBOX', 'KBRO', 'KBUF', 'KBYX', 'KCAE', 'KCBW', 'KCBX', 'KCCX', 'KCLE', 'KCLX', 'KCRP', 'KCXX', 'KCYS', 'KDAX', 'KDDC', 'KDFX', 'KDGX', 'KDIX', 'KDLH', 'KDMX', 'KDOX', 'KDTX', 'KDVN', 'KDYX', 'KEAX', 'KEMX', 'KENX', 'KEOX', 'KEPZ', 'KESX', 'KEVX', 'KEWX', 'KEYX', 'KFCX', 'KFDR', 'KFDX', 'KFFC', 'KFSD', 'KFSX', 'KFTG', 'KFWS', 'KGGW', 'KGJX', 'KGLD', 'KGRB', 'KGRK', 'KGRR', 'KGSP', 'KGWX', 'KGYX', 'KHDX', 'KHGX', 'KHNX', 'KHPX', 'KHTX', 'KICT', 'KICX', 'KILN', 'KILX', 'KIND', 'KINX', 'KIWA', 'KIWX', 'KJAX', 'KJGX', 'KJKL', 'KLBB', 'KLCH', 'KLGX', 'KLIX', 'KLNX', 'KLOT', 'KLRX', 'KLSX', 'KLTX', 'KLVX', 'KLWX', 'KLZK', 'KMAF', 'KMAX', 'KMBX', 'KMHX', 'KMKX', 'KMLB', 'KMOB', 'KMPX', 'KMQT', 'KMRX', 'KMSX', 'KMTX', 'KMUX', 'KMVX', 'KMXX', 'KNKX', 'KNQA', 'KOAX', 'KOHX', 'KOKX', 'KOTX', 'KPAH', 'KPBZ', 'KPDT', 'KPOE', 'KPUX', 'KRAX', 'KRGX', 'KRIW', 'KRLX', 'KRTX', 'KSFX', 'KSGF', 'KSHV', 'KSJT', 'KSOX', 'KSRX', 'KTBW', 'KTFX', 'KTLH', 'KTLX', 'KTWX', 'KTYX', 'KUDX', 'KUEX', 'KVAX', 'KVBX', 'KVNX', 'KVTX', 'KVWX', 'KYUX', 'NOP4', 'PABC', 'PACG', 'PAEC', 'PAHG', 'PAIH', 'PAKC', 'PAPD', 'PGUA', 'PHKI', 'PHKM', 'PHMO', 'PHWA', 'RKJK', 'RODN', 'TADW', 'TATL', 'TBNA', 'TBOS', 'TBWI', 'TCLT', 'TCMH', 'TCVG', 'TDAL', 'TDAY', 'TDCA', 'TDEN', 'TDFW', 'TDTW', 'TEWR', 'TFLL', 'THOU', 'TIAD', 'TIAH', 'TICH', 'TIDS', 'TJFK', 'TJUA', 'TLAS', 'TLVE', 'TMCI', 'TMCO', 'TMDW', 'TMEM', 'TMIA', 'TMKE', 'TMSP', 'TMSY', 'TOKC', 'TORD', 'TPBI', 'TPHL', 'TPHX', 'TPIT', 'TRDU', 'TSDF', 'TSJU', 'TSLC', 'TSTL', 'TTPA', 'TTUL']"
2023,02,08,"['KABR', 'KABX', 'KAKQ', 'KAMA', 'KAMX', 'KAPX', 'KARX', 'KATX', 'KBBX', 'KBGM', 'KBHX', 'KBIS', 'KBLX', 'KBMX', 'KBOX', 'KBRO', 'KBUF', 'KBYX', 'KCAE', 'KCBW', 'KCBX', 'KCCX', 'KCLE', 'KCLX', 'KCRP', 'KCXX', 'KCYS', 'KDAX', 'KDDC', 'KDFX', 'KDGX', 'KDIX', 'KDLH', 'KDMX', 'KDOX', 'KDTX', 'KDVN', 'KDYX', 'KEAX', 'KEMX', 'KENX', 'KEOX', 'KEPZ', 'KESX', 'KEVX', 'KEWX', 'KEYX', 'KFCX', 'KFDR', 'KFDX', 'KFFC', 'KFSD', 'KFSX', 'KFTG', 'KFWS', 'KGGW', 'KGJX', 'KGLD', 'KGRB', 'KGRK', 'KGRR', 'KGSP', 'KGWX', 'KGYX', 'KHDX', 'KHGX', 'KHNX', 'KHPX', 'KHTX', 'KICT', 'KICX', 'KILN', 'KILX', 'KIND', 'KINX', 'KIWA', 'KIWX', 'KJAX', 'KJGX', 'KJKL', 'KLBB', 'KLCH', 'KLGX', 'KLIX', 'KLNX', 'KLOT', 'KLRX', 'KLSX', 'KLTX', 'KLVX', 'KLWX', 'KLZK', 'KMAF', 'KMAX', 'KMBX', 'KMHX', 'KMKX', 'KMLB', 'KMOB', 'KMPX', 'KMQT', 'KMRX', 'KMSX', 'KMTX', 'KMUX', 'KMVX', 'KMXX', 'KNKX', 'KNQA', 'KOAX', 'KOHX', 'KOKX', 'KOTX', 'KPAH', 'KPBZ', 'KPDT', 'KPOE', 'KPUX', 'KRAX', 'KRGX', 'KRIW', 'KRLX', 'KRTX', 'KSFX', 'KSGF', 'KSHV', 'KSJT', 'KSOX', 'KSRX', 'KTBW', 'KTFX', 'KTLX', 'KTWX', 'KTYX', 'KUDX', 'KUEX', 'KVAX', 'KVBX', 'KVNX', 'KVTX', 'KVWX', 'KYUX', 'NOP4', 'PABC', 'PACG', 'PAEC', 'PAHG', 'PAIH', 'PAKC', 'PAPD', 'PGUA', 'PHKI', 'PHKM', 'PHMO', 'PHWA', 'RKJK', 'RODN', 'TADW', 'TATL', 'TBNA', 'TBOS', 'TBWI', 'TCLT', 'TCMH', 'TCVG', 'TDAL', 'TDAY', 'TDCA', 'TDEN', 'TDFW', 'TDTW', 'TEWR', 'TFLL', 'THOU', 'TIAD', 'TIAH', 'TICH', 'TIDS', 'TJFK', 'TJUA', 'TLAS', 'TLVE', 'TMCI', 'TMCO', 'TMDW', 'TMEM', 'TMIA', 'TMKE', 'TMSP', 'TMSY', 'TOKC', 'TORD', 'TPBI', 'TPHL', 'TPHX', 'TPIT', 'TRDU', 'TSDF', 'TSJU', 'TSLC', 'TSTL', 'TTPA', 'TTUL']"
